ticker,group,horizon_years,n_mentions,n_authors,total_upvotes,best_post_upvotes,rank_by_authors,rank_by_upvotes,entry_date,entry_price,exit_date,exit_price,forward_return_pct,benchmark_return_pct,excess_vs_spy_pct,tripled,beat_spy,lost_70pct,survived_full_horizon,dollar_volume_at_entry,size_rank_in_sample
BRK-B,mentioned,3,369,127,7469,435,1,1,2019-02-25,202.31,2022-02-25,319.24,57.8,64.8,-7.0,0,0,0,1,1041188415,37
TGT,mentioned,3,363,121,3215,191,2,8,2019-05-31,65.844,2022-05-31,140.111,112.8,57.6,55.1,0,1,0,1,332829855,106
AMZN,mentioned,3,372,120,5375,274,3,2,2019-05-28,91.8215,2022-05-31,120.2095,30.9,54.9,-24.0,0,0,0,1,5876511724,4
GOOGL,mentioned,3,327,118,5053,540,4,4,2019-04-03,60.0053,2022-04-04,141.7076,136.2,67.6,68.6,0,1,0,1,1343531727,28
AAPL,mentioned,3,354,117,5091,309,5,3,2019-03-26,44.4715,2022-03-28,171.7573,286.2,70.4,215.8,1,1,0,1,9302242493,2
TSLA,mentioned,3,293,107,3750,316,6,6,2019-03-06,18.416,2022-03-07,268.1933,1356.3,59.1,1297.2,1,1,0,1,2855074376,10
BABA,mentioned,3,241,79,3262,206,7,7,2019-12-11,192.4305,2022-12-12,84.0755,-56.3,33.2,-89.5,0,0,0,1,2381992614,13
MSFT,mentioned,3,198,60,1990,243,8,11,2020-03-02,163.7653,2023-03-02,244.7835,49.5,35.1,14.4,0,1,0,1,12273413659,1
GME,mentioned,3,108,56,3978,540,9,5,2019-11-21,1.375,2022-11-21,25.16,1729.8,33.5,1696.3,1,1,0,1,15312115,239
META,mentioned,3,89,54,2253,540,10,9,2019-02-22,160.4997,2022-02-22,200.3446,24.8,61.9,-37.1,0,0,0,1,2567327384,12
KO,mentioned,3,137,51,1764,299,11,13,2019-10-25,43.8024,2022-10-25,52.7951,20.5,34.0,-13.5,0,0,0,1,525728266,81
INTC,mentioned,3,160,50,1911,241,12,12,2020-04-29,54.7818,2023-05-01,29.5713,-46.0,48.4,-94.4,0,0,0,1,1881905233,19
WMT,mentioned,3,134,38,2039,274,13,10,2020-02-24,35.4884,2023-02-24,45.6048,28.5,29.0,-0.5,0,0,0,1,769545435,52
NFLX,mentioned,3,60,36,1588,270,14,14,2019-06-26,36.22,2022-06-27,18.914,-47.8,40.5,-88.3,0,0,0,1,1329157009,29
TME,mentioned,3,117,35,838,127,15,21,2020-05-27,11.6596,2023-05-30,6.5972,-43.4,45.0,-88.4,0,0,0,1,71755256,172
VZ,mentioned,3,131,33,840,162,16,20,2020-06-29,37.7147,2023-06-29,29.6926,-21.3,50.6,-71.8,0,0,0,1,871227013,43
DIS,mentioned,3,185,29,1002,270,17,16,2019-04-26,134.0079,2022-04-26,112.2339,-16.2,49.0,-65.3,0,0,0,1,1982329052,17
MMM,mentioned,3,37,24,350,164,18,50,2020-07-06,107.9324,2023-07-06,74.074,-31.4,45.1,-76.5,0,0,0,1,331726526,108
JPM,mentioned,3,35,23,749,239,19,23,2020-09-28,82.4938,2023-09-28,138.1458,67.5,34.1,33.3,0,1,0,1,2009177232,16
NVDA,mentioned,3,30,22,1013,350,20,15,2020-08-04,11.1768,2023-08-04,44.5944,299.0,41.7,257.3,1,1,0,1,3484370532,8
BA,mentioned,3,40,20,873,540,21,19,2019-10-30,342.0308,2022-10-31,142.51,-58.3,33.3,-91.6,0,0,0,1,1382569222,26
AMD,mentioned,3,68,19,775,167,22,22,2020-04-29,53.66,2023-05-01,89.69,67.1,48.4,18.8,0,1,0,1,5945574093,3
LMT,mentioned,3,66,19,873,162,23,18,2020-12-18,306.6314,2023-12-18,417.9982,36.3,33.7,2.6,0,1,0,1,1545894721,25
JNJ,mentioned,3,29,19,414,239,24,39,2020-05-28,124.4304,2023-05-30,141.4446,13.7,45.2,-31.6,0,0,0,1,909680368,40
DD,mentioned,3,29,18,506,221,25,32,2020-11-13,70.0363,2023-11-13,82.2262,17.4,28.6,-11.2,0,0,0,1,136345713,145
PFE,mentioned,3,42,17,361,162,26,47,2020-07-10,23.413,2023-07-10,29.072,24.2,44.9,-20.7,0,0,0,1,784592193,51
COST,mentioned,3,32,17,648,201,27,26,2020-06-22,274.9025,2023-06-22,502.9512,83.0,47.1,35.9,0,1,0,1,629273296,67
GS,mentioned,3,27,16,918,540,28,17,2019-02-25,167.1974,2022-02-25,313.3954,87.4,64.8,22.6,0,1,0,1,602340769,72
IBM,mentioned,3,23,16,511,158,29,31,2020-05-27,92.9456,2023-05-30,116.6562,25.5,45.0,-19.4,0,0,0,1,718736963,59
SBUX,mentioned,3,42,15,330,69,30,53,2020-01-14,78.2179,2023-01-17,97.4673,24.6,27.5,-2.9,0,0,0,1,532782846,79
MRK,mentioned,3,31,15,617,162,31,28,2021-02-01,62.095,2024-02-01,116.8361,88.2,36.0,52.2,0,1,0,1,607114627,71
WFC,mentioned,3,25,15,444,162,32,35,2020-09-01,20.9865,2023-09-01,38.735,84.6,33.9,50.7,0,1,0,1,734531877,55
PLTR,mentioned,3,22,14,183,131,33,85,2020-10-05,9.03,2023-10-05,15.81,75.1,30.7,44.4,0,1,0,1,1103992606,36
BAC,mentioned,3,22,14,241,48,34,67,2020-03-17,18.8908,2023-03-17,25.6047,35.5,62.5,-27.0,0,0,0,1,2637363912,11
SHOP,mentioned,3,21,14,190,47,35,79,2020-04-17,59.039,2023-04-17,48.52,-17.8,51.2,-69.0,0,0,0,1,3620248454,7
FCF,mentioned,3,20,14,271,104,36,62,2020-09-14,6.424,2023-09-14,11.5966,80.5,39.2,41.3,0,1,0,1,5718318,274
HD,mentioned,3,76,13,431,274,37,37,2020-08-31,246.0796,2023-08-31,307.949,25.1,34.9,-9.8,0,0,0,1,1170213762,33
PTON,mentioned,3,48,13,489,257,38,33,2019-09-27,25.24,2022-09-27,8.2,-67.5,29.1,-96.7,0,0,0,1,109272119,155
MU,mentioned,3,29,13,260,72,39,64,2020-11-13,56.4803,2023-11-13,74.068,31.1,28.6,2.6,0,1,0,1,830044733,45
XOM,mentioned,3,28,13,165,48,40,94,2020-05-13,32.3845,2023-05-15,95.0313,193.4,53.6,139.9,0,1,0,1,1289959049,31
PYPL,mentioned,3,21,13,413,160,41,40,2020-03-13,109.2083,2023-03-13,71.9892,-34.1,50.2,-84.3,0,0,0,1,2111637073,14
MO,mentioned,3,57,12,435,159,42,36,2020-01-28,30.0916,2023-01-30,33.8758,12.6,28.6,-16.0,0,0,0,1,478886496,89
T,mentioned,3,43,12,347,165,43,51,2020-07-29,15.5839,2023-07-31,12.3957,-20.5,47.3,-67.8,0,0,0,1,900867101,41
LUMN,mentioned,3,29,12,139,30,44,105,2020-12-30,8.4275,2024-01-02,1.89,-77.6,32.9,-110.4,0,0,1,1,83964042,166
BMY,mentioned,3,17,12,130,29,45,109,2020-12-23,48.5764,2023-12-26,45.1383,-7.1,35.3,-42.4,0,0,0,1,380339331,98
FISI,mentioned,3,16,12,163,54,46,95,2020-08-26,12.2705,2023-08-28,15.4826,26.2,33.3,-7.1,0,0,0,1,650063,323
CVX,mentioned,3,23,11,657,162,47,25,2020-03-10,64.555,2023-03-10,139.4052,115.9,40.4,75.5,0,1,0,1,1924019687,18
SCHW,mentioned,3,18,11,59,10,48,154,2019-02-21,41.1378,2022-02-22,79.4471,93.1,62.9,30.2,0,1,0,1,252354054,119
QCOM,mentioned,3,18,11,281,113,49,60,2020-07-08,82.34,2023-07-10,109.7104,33.2,45.5,-12.3,0,0,0,1,625971691,68
M,mentioned,3,46,10,380,145,50,45,2020-09-01,5.7871,2023-09-01,10.6781,84.5,33.9,50.6,0,1,0,1,180697709,136
KHC,mentioned,3,30,10,187,128,51,81,2019-01-28,32.153,2022-01-28,28.8273,-10.3,76.3,-86.7,0,0,0,1,306998582,110
VALU,mentioned,3,23,10,197,107,52,77,2020-05-06,23.3559,2023-05-08,44.841,92.0,52.1,39.9,0,1,0,1,81532,360
CCL,mentioned,3,15,10,84,61,53,142,2020-03-12,14.7342,2023-03-13,9.0945,-38.3,63.0,-101.3,0,0,0,1,714090856,62
ABBV,mentioned,3,14,10,207,162,54,74,2021-02-01,83.123,2024-02-01,153.9575,85.2,36.0,49.2,0,1,0,1,769107051,53
IBKR,mentioned,3,14,10,129,94,55,110,2020-12-02,13.2955,2023-12-04,19.5434,47.0,30.2,16.8,0,1,0,1,37824709,204
BIDU,mentioned,3,12,10,172,73,56,92,2020-11-13,145.08,2023-11-13,107.21,-26.1,28.6,-54.7,0,0,0,1,354319308,101
ATVI,mentioned,3,59,9,395,109,57,41,2021-03-29,92.0211,2023-10-13,94.42,2.6,37.9,-35.3,0,0,0,0,814288886,46
CRSR,mentioned,3,59,9,380,137,58,44,2021-03-18,31.96,2024-03-18,12.16,-62.0,37.4,-99.4,0,0,0,1,36492614,206
GEO,mentioned,3,30,9,461,259,59,34,2021-02-22,7.39,2024-02-22,11.84,60.2,37.1,23.1,0,1,0,1,57518564,188
PG,mentioned,3,19,9,210,99,60,73,2020-05-28,99.0042,2023-05-30,131.5188,32.8,45.2,-12.4,0,0,0,1,764453794,54
AXP,mentioned,3,18,9,175,98,61,89,2020-01-28,121.7528,2023-01-30,165.5379,36.0,28.6,7.3,0,1,0,1,491747247,87
PS,mentioned,3,16,9,285,144,62,58,2020-12-02,17.4975,2021-04-06,22.3701,27.8,30.2,-2.4,0,0,0,0,23907307,220
PEP,mentioned,3,15,9,37,26,63,170,2020-04-16,111.5935,2023-04-17,164.9935,47.9,55.3,-7.5,0,0,0,1,619057297,69
CRM,mentioned,3,14,9,123,27,64,113,2020-05-27,173.5476,2023-05-30,215.087,23.9,45.0,-21.0,0,0,0,1,1114178230,35
NKE,mentioned,3,12,9,283,96,65,59,2019-09-26,83.5102,2022-09-26,89.4365,7.1,28.8,-21.7,0,0,0,1,971047910,38
MORN,mentioned,3,13,9,91,25,66,136,2020-03-04,140.0065,2023-03-06,204.8045,46.3,35.7,10.6,0,1,0,1,14671689,242
CSCO,mentioned,3,12,9,103,68,67,126,2020-11-13,35.1996,2023-11-13,48.5946,38.1,28.6,9.5,0,1,0,1,2033572057,15
CEO,mentioned,3,10,9,90,42,68,137,2019-02-25,159.435,2022-02-25,121.76,-23.6,64.8,-88.4,0,0,0,1,10382143,253
CVS,mentioned,3,58,8,184,66,69,83,2021-02-01,59.8242,2024-02-01,67.1409,12.2,36.0,-23.7,0,0,0,1,368485133,100
BIIB,mentioned,3,26,8,59,16,70,153,2020-09-08,268.9,2023-09-08,258.99,-3.7,39.9,-43.6,0,0,0,1,335243814,105
OXY,mentioned,3,25,8,319,137,71,54,2019-11-18,33.7314,2022-11-18,67.0388,98.7,33.2,65.5,0,1,0,1,516015288,83
KKR,mentioned,3,22,8,89,47,72,138,2019-02-25,20.9729,2022-02-25,58.6038,179.4,64.8,114.6,0,1,0,1,121945324,151
NPV,mentioned,3,18,8,550,283,73,29,2020-03-30,9.2549,2023-03-30,9.1753,-0.9,61.6,-62.4,0,0,0,1,399808,333
B,mentioned,3,15,8,149,48,74,101,2019-10-25,14.7657,2022-10-25,13.9485,-5.5,34.0,-39.5,0,0,0,1,168700506,138
ROIC,mentioned,3,13,8,353,139,75,49,2020-06-22,9.7197,2023-06-22,12.3549,27.1,47.1,-19.9,0,0,0,1,13962575,243
GE,mentioned,3,13,8,421,159,76,38,2019-03-18,49.1543,2022-03-18,58.2874,18.6,65.5,-46.9,0,0,0,1,934803990,39
BTI,mentioned,3,13,8,93,27,77,134,2020-09-01,21.5293,2023-09-01,26.2854,22.1,33.9,-11.8,0,0,0,1,63526936,180
TSM,mentioned,3,60,7,114,36,78,118,2021-01-29,111.1964,2024-01-29,113.272,1.9,38.8,-37.0,0,0,0,1,1843358510,20
BBY,mentioned,3,42,7,113,47,79,121,2021-02-26,78.7899,2024-02-26,67.6169,-14.2,39.1,-53.3,0,0,0,1,454739436,91
AFL,mentioned,3,37,7,183,86,80,84,2020-11-18,37.7605,2023-11-20,76.9343,103.7,33.4,70.4,0,1,0,1,237915688,122
DG,mentioned,3,22,7,346,191,81,52,2021-02-01,176.4266,2024-02-01,128.6958,-27.1,36.0,-63.0,0,0,0,1,595077075,73
LOGI,mentioned,3,18,7,99,50,82,130,2021-02-23,99.415,2024-02-23,84.4536,-15.0,37.0,-52.1,0,0,0,1,187149130,134
ALL,mentioned,3,18,7,75,32,83,148,2020-11-25,90.5384,2023-11-27,129.8373,43.4,31.1,12.3,0,1,0,1,202779423,127
ASX,mentioned,3,16,7,109,44,84,124,2020-12-03,4.269,2023-12-04,8.0256,88.0,30.3,57.7,0,1,0,1,4419792,281
DISCK,mentioned,3,15,7,226,79,85,70,2021-04-05,36.1,2022-09-16,24.42,-32.4,33.4,-65.7,0,0,0,0,274569163,113
GM,mentioned,3,14,7,241,162,86,68,2020-06-22,25.3315,2023-06-22,35.553,40.4,47.1,-6.7,0,0,0,1,344622436,102
RGA,mentioned,3,13,7,108,28,87,125,2021-02-16,102.2887,2024-02-16,162.0464,58.4,33.1,25.3,0,1,0,1,63257412,182
XYZ,mentioned,3,13,7,288,127,88,57,2021-02-01,221.94,2024-02-01,66.67,-70.0,36.0,-105.9,0,0,0,1,1742082519,22
C,mentioned,3,12,7,147,48,89,102,2020-03-04,53.6823,2023-03-06,46.5604,-13.3,35.7,-49.0,0,0,0,1,1628990166,23
KR,mentioned,3,12,7,235,162,90,69,2020-09-08,30.4324,2023-09-08,43.9185,44.3,39.9,4.4,0,1,0,1,320045420,109
MCD,mentioned,3,11,7,386,299,91,42,2020-07-15,166.9857,2023-07-17,274.5637,64.4,46.6,17.8,0,1,0,1,716095452,61
MRNA,mentioned,3,11,7,172,75,92,93,2021-02-01,157.48,2024-02-01,99.02,-37.1,36.0,-73.1,0,0,0,1,3473462816,9
TTM,mentioned,3,10,7,55,21,93,160,2020-02-24,10.33,2023-02-24,25.14,143.4,29.0,114.3,0,1,0,1,18702134,234
SPCE,mentioned,3,10,7,188,159,94,80,2020-04-14,380.6,2023-04-14,66.6,-82.5,52.2,-134.7,0,0,1,1,725380934,56
AAL,mentioned,3,9,7,173,59,95,91,2021-02-01,16.84,2024-02-01,14.34,-14.8,36.0,-50.8,0,0,0,1,832502694,44
ORCL,mentioned,3,9,7,132,99,96,108,2020-05-21,47.8438,2023-05-22,97.868,104.6,48.7,55.8,0,1,0,1,389771594,97
DHI,mentioned,3,8,7,54,18,97,161,2021-01-07,64.758,2024-01-08,147.8875,128.4,30.9,97.5,0,1,0,1,235966772,123
TROW,mentioned,3,8,7,128,77,98,112,2020-05-11,86.3893,2023-05-11,90.8121,5.1,47.5,-42.4,0,0,0,1,100214331,161
LULU,mentioned,3,88,6,134,43,99,107,2020-06-11,308.12,2023-06-12,368.18,19.5,51.1,-31.6,0,0,0,1,1127580854,34
PRDO,mentioned,3,52,6,94,33,100,133,2020-09-21,11.3514,2023-09-21,15.778,39.0,38.0,1.0,0,1,0,1,5887405,272
DKNG,mentioned,3,39,6,128,56,101,111,2020-05-29,39.7,2023-05-30,23.29,-41.3,44.6,-85.9,0,0,0,1,593471965,74
COIN,mentioned,3,22,6,197,159,102,78,2021-04-15,322.75,2024-04-15,223.41,-30.8,26.8,-57.6,0,0,0,1,1291733211,30
ADBE,mentioned,3,15,6,57,28,103,158,2019-03-25,262.27,2022-03-25,431.62,64.6,70.5,-5.9,0,0,0,1,692226258,64
AVGO,mentioned,3,12,6,116,68,104,117,2021-02-01,41.8458,2024-02-01,116.9381,179.4,36.0,143.5,0,1,0,1,794770939,48
MS,mentioned,3,12,6,259,167,105,65,2020-11-18,49.3918,2023-11-20,73.606,49.0,33.4,15.7,0,1,0,1,678470974,65
TBBK,mentioned,3,13,6,88,48,106,139,2021-02-01,17.02,2024-02-01,42.36,148.9,36.0,112.9,0,1,0,1,6888062,266
DJCO,mentioned,3,10,6,224,149,107,71,2020-02-18,282.55,2023-02-21,302.17,6.9,24.4,-17.4,0,0,0,1,221236,345
REGN,mentioned,3,11,6,153,77,108,97,2021-02-16,476.8463,2024-02-16,940.4301,97.2,33.1,64.1,0,1,0,1,655453372,66
SU,mentioned,3,9,6,217,162,109,72,2020-10-30,8.8729,2023-10-30,29.0602,227.5,33.1,194.4,1,1,0,1,85007038,164
TWLO,mentioned,3,9,6,28,9,110,177,2020-06-02,201.67,2023-06-02,67.15,-66.7,45.4,-112.2,0,0,0,1,501918514,85
UAL,mentioned,3,8,6,374,159,111,46,2020-05-04,25.26,2023-05-04,42.92,69.9,49.6,20.3,0,1,0,1,1595229497,24
DKS,mentioned,3,6,6,86,49,112,141,2021-01-05,50.1127,2024-01-05,131.3327,162.1,31.8,130.3,0,1,0,1,232343787,125
TTWO,mentioned,3,30,5,57,32,113,157,2021-01-13,199.5,2024-01-16,161.88,-18.9,30.8,-49.6,0,0,0,1,255647280,118
CXW,mentioned,3,23,5,314,283,114,55,2021-03-22,9.01,2024-03-22,16.09,78.6,38.8,39.8,0,1,0,1,11395992,248
SPG,mentioned,3,18,5,152,73,115,99,2020-11-13,55.1208,2023-11-13,100.8509,83.0,28.6,54.4,0,1,0,1,579094494,75
TLRY,mentioned,3,15,5,24,18,116,180,2021-01-20,187.9,2024-01-22,20.3,-89.2,31.7,-120.9,0,0,1,1,493093343,86
ZG,mentioned,3,14,5,624,284,117,27,2021-11-02,85.48,2024-11-04,58.5,-31.6,28.9,-60.5,0,0,0,1,271236588,114
RKT,mentioned,3,14,5,56,26,118,159,2021-02-04,18.0683,2024-02-05,10.9302,-39.5,33.4,-72.9,0,0,0,1,188530137,133
CLX,mentioned,3,12,5,205,67,119,75,2021-02-11,152.5648,2024-02-12,139.5435,-8.5,34.1,-42.6,0,0,0,1,305531717,111
FL,mentioned,3,11,5,119,79,120,116,2020-03-12,18.6433,2023-03-13,38.277,105.3,63.0,42.3,0,1,0,1,112366288,154
TMUS,mentioned,3,10,5,182,162,121,86,2021-02-08,120.6442,2024-02-08,154.6324,28.2,33.4,-5.3,0,0,0,1,724146777,57
TDOC,mentioned,3,10,5,36,20,122,171,2020-04-17,173.27,2023-04-17,25.87,-85.1,51.2,-136.3,0,0,1,1,561504653,78
FWONA,mentioned,3,7,5,71,48,123,149,2020-07-06,28.6845,2023-07-06,64.5592,125.1,45.1,80.0,0,1,0,1,5818711,273
HEXEY,mentioned,3,7,5,48,17,124,162,2021-04-12,7.9387,2024-04-12,10.0821,27.0,29.8,-2.8,0,0,0,1,0,385
TSN,mentioned,3,7,5,114,48,125,119,2021-02-01,54.2943,2024-02-01,52.0894,-4.1,36.0,-40.0,0,0,0,1,123129707,150
CHUC,mentioned,3,7,5,162,82,126,96,2020-10-12,0.35,2023-10-12,0.088,-74.9,28.7,-103.6,0,0,1,1,4438,373
UL,mentioned,3,7,5,26,14,127,179,2020-04-13,46.3193,2023-04-13,54.0532,16.7,57.1,-40.4,0,0,0,1,40001892,200
BUD,mentioned,3,6,5,64,26,128,152,2020-09-01,53.2793,2023-09-01,53.5573,0.5,33.9,-33.4,0,0,0,1,71446840,174
ENB,mentioned,3,6,5,40,12,129,167,2021-02-01,23.3091,2024-02-01,30.2725,29.9,36.0,-6.1,0,0,0,1,101933791,160
V,mentioned,3,6,5,121,78,130,115,2019-10-25,169.1499,2022-10-25,188.4721,11.4,34.0,-22.6,0,0,0,1,1800740320,21
TXN,mentioned,3,5,5,113,68,131,122,2021-02-16,155.2415,2024-02-16,149.701,-3.6,33.1,-36.7,0,0,0,1,702720949,63
CF,mentioned,3,5,5,59,35,132,155,2020-11-18,28.7151,2023-11-20,72.287,151.7,33.4,118.4,0,1,0,1,105680564,158
NKLA,mentioned,3,5,5,80,68,133,145,2020-08-06,1089.0,2023-08-07,71.7,-93.4,41.1,-134.5,0,0,1,1,717018799,60
DOGP,mentioned,3,5,5,14,8,134,188,2021-02-08,1.1089,2024-02-08,0.0185,-98.3,33.4,-131.8,0,0,1,1,312566,339
MX,mentioned,3,29,4,152,44,135,98,2021-02-12,19.49,2024-02-12,6.8,-65.1,33.4,-98.5,0,0,0,1,16007604,238
FKWL,mentioned,3,28,4,26,16,136,178,2021-07-07,9.0285,2024-07-08,3.4427,-61.9,33.6,-95.5,0,0,0,1,511556,326
UNFI,mentioned,3,27,4,136,77,137,106,2021-03-08,31.83,2024-03-08,11.76,-63.1,40.2,-103.2,0,0,0,1,44493788,197
HOLI,mentioned,3,26,4,34,22,138,172,2020-02-13,14.9669,2023-02-13,18.05,20.6,28.5,-7.9,0,0,0,1,3124952,296
BYND,mentioned,3,26,4,58,26,139,156,2020-12-23,4197.6,2023-12-26,264.3,-93.7,35.3,-129.0,0,0,1,1,250567336,120
BMO,mentioned,3,21,4,102,51,140,127,2021-07-06,80.2449,2024-07-08,76.8017,-4.3,34.1,-38.4,0,0,0,1,48391748,192
ASO,mentioned,3,21,4,75,33,141,147,2021-05-04,29.66,2024-05-06,56.8571,91.7,30.0,61.7,0,1,0,1,85806898,163
IMKTA,mentioned,3,21,4,32,13,142,174,2021-02-11,48.8629,2024-02-12,75.7314,55.0,34.1,20.9,0,1,0,1,4170961,284
PHM,mentioned,3,20,4,17,10,143,186,2020-10-12,46.7451,2023-10-12,70.4024,50.6,28.7,21.9,0,1,0,1,102708406,159
MKL,mentioned,3,17,4,91,48,144,135,2020-07-10,913.92,2023-07-10,1368.47,49.7,44.9,4.9,0,1,0,1,31405946,209
UNIT,mentioned,3,17,4,289,283,145,56,2021-02-05,15.0418,2024-02-05,7.8488,-47.8,32.8,-80.7,0,0,0,1,25472600,218
STNG,mentioned,3,13,4,141,78,146,104,2021-02-01,11.0333,2024-02-01,63.3458,474.1,36.0,438.2,1,1,0,1,18767701,233
ET,mentioned,3,11,4,34,23,147,173,2021-01-29,3.9959,2024-01-29,11.8105,195.6,38.8,156.7,0,1,0,1,141521831,143
BYD,mentioned,3,11,4,360,350,148,48,2020-09-01,26.3472,2023-09-01,65.6272,149.1,33.9,115.2,0,1,0,1,30253496,214
STMP,mentioned,3,11,4,243,111,149,66,2021-03-24,181.33,2021-10-05,329.61,81.8,40.2,41.5,0,1,0,0,37949105,202
BTG,mentioned,3,11,4,32,16,150,175,2021-05-21,4.2812,2024-05-21,2.6718,-37.6,33.9,-71.5,0,0,0,1,32204901,208
NNDM,mentioned,3,10,4,382,350,151,43,2021-02-01,14.14,2024-02-01,2.44,-82.7,36.0,-118.7,0,0,1,1,372914615,99
WDC,mentioned,3,9,4,668,540,152,24,2021-01-29,42.4619,2024-01-29,44.9601,5.9,38.8,-32.9,0,0,0,1,874462247,42
F,mentioned,3,9,4,204,166,153,76,2020-05-18,3.9893,2023-05-18,9.2986,133.1,48.8,84.3,0,1,0,1,722954413,58
PRU,mentioned,3,9,4,262,191,154,63,2021-02-01,60.1807,2024-02-01,90.6163,50.6,36.0,14.6,0,1,0,1,126285749,147
RSI,mentioned,3,9,4,530,167,155,30,2021-01-29,18.17,2024-01-29,5.43,-70.1,38.8,-108.9,0,0,1,1,27029414,216
RTNTF,mentioned,3,9,4,122,64,156,114,2020-12-15,38.9971,2023-12-15,69.3348,77.8,33.4,44.4,0,1,0,1,701,376
DASH,mentioned,3,9,4,281,159,157,61,2020-12-09,189.51,2023-12-11,101.5,-46.4,29.2,-75.6,0,0,0,1,487519204,88
GILD,mentioned,3,9,4,20,8,158,183,2020-11-11,48.4744,2023-11-13,68.5613,41.4,29.1,12.4,0,1,0,1,440918421,93
SFTBF,mentioned,3,8,4,83,53,159,143,2019-12-11,37.7405,2022-12-12,43.9782,16.5,33.2,-16.7,0,0,0,1,338513,338
NEE,mentioned,3,8,4,44,26,160,164,2020-12-23,64.5158,2023-12-26,55.9398,-13.3,35.3,-48.6,0,0,0,1,343893171,103
HON,mentioned,3,8,4,88,48,161,140,2020-12-23,185.0045,2023-12-26,194.4578,5.1,35.3,-30.2,0,0,0,1,429859819,94
GSK,mentioned,3,8,4,17,8,162,187,2021-02-24,34.4761,2024-02-26,38.406,11.4,35.1,-23.7,0,0,0,1,221675843,126
BGFV,mentioned,3,8,4,18,6,163,185,2021-07-19,15.7519,2024-07-19,2.61,-83.4,35.1,-118.5,0,0,1,1,21808981,227
LNG,mentioned,3,8,4,178,143,164,88,2021-01-26,57.7131,2024-01-26,163.3298,183.0,32.8,150.2,0,1,0,1,158126364,140
UNH,mentioned,3,7,4,100,48,165,129,2020-12-23,306.8987,2023-12-26,492.9272,60.6,35.3,25.3,0,1,0,1,792740316,50
NET,mentioned,3,7,4,23,15,166,181,2021-02-10,90.91,2024-02-12,105.62,16.2,34.3,-18.1,0,0,0,1,409819370,95
QQQ,mentioned,3,7,4,19,10,167,184,2020-12-24,299.7312,2023-12-26,405.2551,35.2,34.8,0.4,0,1,0,1,5195963671,6
VALE,mentioned,3,7,4,69,23,168,150,2020-02-21,6.3399,2023-02-21,12.6926,100.2,25.6,74.6,0,1,0,1,453694319,92
VIPS,mentioned,3,7,4,146,98,169,103,2021-04-05,26.881,2024-04-05,15.7827,-41.3,33.4,-74.7,0,0,0,1,525411041,82
NMIH,mentioned,3,6,4,39,34,170,169,2020-12-14,23.25,2023-12-14,29.49,26.8,35.4,-8.5,0,0,0,1,11833994,246
AMGN,mentioned,3,6,4,8,4,171,193,2020-12-07,190.6647,2023-12-07,251.3731,31.8,29.9,2.0,0,1,0,1,509572962,84
BLK,mentioned,3,6,4,40,26,172,166,2020-12-23,616.5915,2023-12-26,763.0996,23.8,35.3,-11.6,0,0,0,1,529560167,80
DBX,mentioned,3,6,4,32,22,173,176,2021-02-08,24.82,2024-02-08,32.78,32.1,33.4,-1.4,0,0,0,1,198946149,129
NOC,mentioned,3,6,4,114,65,174,120,2020-12-18,277.002,2023-12-18,446.4446,61.2,33.7,27.5,0,1,0,1,807360079,47
HII,mentioned,3,6,4,99,77,175,131,2020-06-15,159.3109,2023-06-15,205.2925,28.9,50.9,-22.1,0,0,0,1,73699975,171
ETR,mentioned,3,6,4,79,48,176,146,2020-11-25,45.5958,2023-11-27,46.3933,1.7,31.1,-29.3,0,0,0,1,131240904,146
ACB,mentioned,3,5,4,43,28,177,165,2020-09-29,46.8,2023-09-29,5.85,-87.5,34.5,-122.0,0,0,1,1,66099215,179
MSGN,mentioned,3,5,4,12,5,178,190,2020-07-06,10.44,2021-07-09,14.17,35.7,45.1,-9.4,0,0,0,0,7740216,260
PSX,mentioned,3,5,4,102,48,179,128,2020-11-13,46.8734,2023-11-13,103.8938,121.6,28.6,93.1,0,1,0,1,332485879,107
UK,mentioned,3,5,4,13,5,180,189,2021-04-22,5328.0,2024-04-22,23.0,-99.6,26.7,-126.3,0,0,1,1,192489,347
QUBT,mentioned,3,5,4,151,135,181,100,2021-01-27,11.0,2024-01-29,0.907,-91.8,37.2,-129.0,0,0,1,1,1980847,305
UPWK,mentioned,3,5,4,10,7,182,192,2021-02-04,49.35,2024-02-05,13.51,-72.6,33.4,-106.0,0,0,1,1,63055482,184
PSFE,mentioned,3,5,4,48,37,183,163,2021-05-17,132.6,2024-05-17,18.17,-86.3,33.2,-119.5,0,0,1,1,69324824,175
HCSG,mentioned,3,5,4,111,100,184,123,2020-04-13,20.1209,2023-04-13,14.8,-26.4,57.1,-83.5,0,0,0,1,9334402,255
GLDI,mentioned,3,5,4,187,154,185,82,2020-04-13,193.8,2023-04-13,149.0,-23.1,57.1,-80.2,0,0,0,1,355090,336
WM,mentioned,3,5,4,40,14,186,168,2020-12-07,107.0771,2023-12-07,166.5168,55.5,29.9,25.7,0,1,0,1,137026792,144
MPNGF,mentioned,3,5,4,174,98,187,90,2021-05-07,36.84,2024-05-07,14.77,-59.9,28.1,-88.0,0,0,0,1,3094670,297
UPST,mentioned,3,4,4,81,50,188,144,2021-04-01,144.28,2024-04-01,26.43,-81.7,36.3,-118.0,0,0,1,1,464372206,90
BN,mentioned,3,4,4,67,27,189,151,2019-03-13,15.3487,2022-03-14,27.1757,77.1,56.0,21.1,0,1,0,1,391127214,96
WTI,mentioned,3,4,4,21,10,190,182,2021-01-19,2.3194,2024-01-19,2.4981,7.7,33.2,-25.5,0,0,0,1,7204370,262
OCSL,mentioned,3,4,4,180,111,191,87,2021-01-27,8.9903,2024-01-29,15.6677,74.3,37.2,37.1,0,1,0,1,3611636,288
NIO,mentioned,3,4,4,12,7,192,191,2020-12-29,46.14,2023-12-29,9.07,-80.3,33.8,-114.1,0,0,1,1,5568633139,5
XRX,mentioned,3,4,4,99,75,193,132,2020-07-16,12.1217,2023-07-17,12.9776,7.1,47.1,-40.0,0,0,0,1,68714871,176
A,not_mentioned,3,1,1,12,12,,,2021-04-22,129.6946,2024-04-22,131.6046,1.5,26.7,-25.3,0,0,0,1,233106184,124
ABG,not_mentioned,3,0,0,0,0,,,2021-02-26,169.45,2024-02-26,211.13,24.6,39.1,-14.5,0,0,0,1,22025449,225
ADMS,not_mentioned,3,0,0,0,0,,,2021-02-12,5.92,2021-11-24,8.22,38.9,33.4,5.4,0,1,0,0,1934851,307
AIT,not_mentioned,3,0,0,0,0,,,2021-01-29,66.5935,2024-01-29,175.5297,163.6,38.8,124.8,0,1,0,1,19802889,229
ALLE,not_mentioned,3,0,0,0,0,,,2020-04-17,89.3603,2023-04-17,99.498,11.3,51.2,-39.9,0,0,0,1,74930341,170
AMBA,not_mentioned,3,0,0,0,0,,,2021-03-29,95.11,2024-04-01,50.09,-47.3,37.9,-85.3,0,0,0,1,56622692,189
AMCX,not_mentioned,3,3,2,11,8,,,2020-12-23,33.735,2023-12-26,18.33,-45.7,35.3,-81.0,0,0,0,1,30978715,210
AMN,not_mentioned,3,0,0,0,0,,,2021-02-11,77.34,2024-02-12,79.13,2.3,34.1,-31.8,0,0,0,1,19571041,230
ANF,not_mentioned,3,0,0,0,0,,,2020-03-17,9.48,2023-03-17,25.96,173.8,62.5,111.3,0,1,0,1,40635470,198
AOS,not_mentioned,3,1,1,77,77,,,2021-05-11,64.0351,2024-05-13,82.2565,28.5,31.5,-3.0,0,0,0,1,63208102,183
AOSL,not_mentioned,3,0,0,0,0,,,2021-04-26,32.26,2024-04-26,22.19,-31.2,27.3,-58.5,0,0,0,1,6999839,263
APVO,not_mentioned,3,0,0,0,0,,,2020-12-15,23935507.2,2023-12-15,100805.76,-99.6,33.4,-132.9,0,0,1,1,2566834,300
ARLP,not_mentioned,3,0,0,0,0,,,2021-03-19,3.3816,2024-03-19,15.3472,353.8,38.4,315.4,1,1,0,1,1348056,315
ASIX,not_mentioned,3,0,0,0,0,,,2021-01-29,19.1722,2024-01-29,24.5322,28.0,38.8,-10.9,0,0,0,1,2591126,299
AT,not_mentioned,3,1,1,6,6,,,2020-11-13,2.03,2021-05-14,3.02,48.8,28.6,20.2,0,1,0,0,420441,331
ATEX,not_mentioned,3,0,0,0,0,,,2020-06-02,52.92,2023-06-02,32.6,-38.4,45.4,-83.8,0,0,0,1,8239061,257
AU,not_mentioned,3,2,2,45,44,,,2020-09-21,22.4013,2023-09-21,16.6501,-25.7,38.0,-63.7,0,0,0,1,107739299,156
AVTX,not_mentioned,3,0,0,0,0,,,2021-02-01,9072.0,2024-02-01,4.6,-99.9,36.0,-135.9,0,0,1,1,3593321,289
AXTI,not_mentioned,3,1,1,6,6,,,2019-12-11,3.34,2022-12-12,5.05,51.2,33.2,18.0,0,1,0,1,692919,322
AZN,not_mentioned,3,3,2,26,14,,,2020-11-25,91.3558,2023-11-27,118.7452,30.0,31.1,-1.1,0,0,0,1,613363024,70
BBLG,not_mentioned,3,0,0,0,0,,,2021-02-16,10800.0,2024-02-16,23.25,-99.8,33.1,-132.9,0,0,1,1,0,389
BFH,not_mentioned,3,0,0,0,0,,,2020-12-30,53.6594,2024-01-02,31.7179,-40.9,32.9,-73.8,0,0,0,1,45079266,195
BJRI,not_mentioned,3,0,0,0,0,,,2021-05-07,59.38,2024-05-07,33.54,-43.5,28.1,-71.6,0,0,0,1,24115524,219
BLFS,not_mentioned,3,0,0,0,0,,,2020-12-24,43.72,2023-12-26,16.66,-61.9,34.8,-96.7,0,0,0,1,3946298,285
BNY,not_mentioned,3,0,0,0,0,,,2019-03-06,42.3081,2022-03-07,44.1851,4.4,59.1,-54.7,0,0,0,1,196474283,131
BOSC,not_mentioned,3,0,0,0,0,,,2020-11-18,2.5105,2023-11-20,2.98,18.7,33.4,-14.7,0,0,0,1,17902,372
BPRN,not_mentioned,3,0,0,0,0,,,2019-05-31,22.5068,2022-05-31,25.3149,12.5,57.6,-45.2,0,0,0,1,219379,346
BROGW,not_mentioned,3,0,0,0,0,,,2020-04-13,0.74,2023-04-13,0.0501,-93.2,57.1,-150.3,0,0,1,1,444,378
BSBR,not_mentioned,3,0,0,0,0,,,2020-05-04,2.9509,2023-05-04,4.3908,48.8,49.6,-0.8,0,0,0,1,5008721,280
CDW,not_mentioned,3,0,0,0,0,,,2019-10-25,114.5542,2022-10-25,159.9517,39.6,34.0,5.6,0,1,0,1,94200377,162
CFG,not_mentioned,3,0,0,0,0,,,2020-05-28,18.9396,2023-05-30,23.7758,25.5,45.2,-19.7,0,0,0,1,123179831,149
CHMI,not_mentioned,3,0,0,0,0,,,2021-02-16,4.0427,2024-02-16,2.3502,-41.9,33.1,-75.0,0,0,0,1,2038075,304
CHS,not_mentioned,3,0,0,0,0,,,2019-11-18,3.8408,2022-11-18,7.17,86.7,33.2,53.4,0,1,0,1,7538626,261
CLIR,not_mentioned,3,0,0,0,0,,,2020-12-02,25.8,2023-12-04,11.5,-55.4,30.2,-85.7,0,0,0,1,127506,353
CMRE,not_mentioned,3,0,0,0,0,,,2021-02-01,4.9091,2024-02-01,7.109,44.8,36.0,8.8,0,1,0,1,6443360,268
CMTV,not_mentioned,3,0,0,0,0,,,2020-01-28,11.5194,2023-01-30,18.0712,56.9,28.6,28.3,0,1,0,1,48656,366
COCP,not_mentioned,3,0,0,0,0,,,2020-11-18,10.326,2023-11-20,1.64,-84.1,33.4,-117.5,0,0,1,1,523467,325
COGT,not_mentioned,3,0,0,0,0,,,2020-04-13,1.6,2023-04-13,10.42,551.2,57.1,494.2,1,1,0,1,505542,327
COSM,not_mentioned,3,0,0,0,0,,,2021-01-29,119.25,2024-01-29,1.14,-99.0,38.8,-137.9,0,0,1,1,14,383
COWN,not_mentioned,3,0,0,0,0,,,2021-01-07,27.5289,2023-03-01,38.99,41.6,30.9,10.7,0,1,0,0,21710451,228
CPAY,not_mentioned,3,0,0,0,0,,,2021-02-08,258.23,2024-02-08,265.12,2.7,33.4,-30.8,0,0,0,1,159615836,139
CRON,not_mentioned,3,7,3,24,21,,,2020-03-04,5.96,2023-03-06,2.07,-65.3,35.7,-101.0,0,0,0,1,44786044,196
CSL,not_mentioned,3,1,1,15,15,,,2021-02-10,139.3474,2024-02-12,341.2092,144.9,34.3,110.6,0,1,0,1,36572929,205
CTLP,not_mentioned,3,0,0,0,0,,,2019-01-28,5.67,2022-01-28,7.79,37.4,76.3,-38.9,0,0,0,1,5314525,279
CUO,not_mentioned,3,1,0,2,2,,,2019-09-26,15.0,2020-05-19,8.63,-42.5,28.8,-71.2,0,0,0,0,555,377
CZNC,not_mentioned,3,0,0,0,0,,,2020-10-12,13.2677,2023-10-12,14.9666,12.8,28.7,-15.9,0,0,0,1,411894,332
DEO,not_mentioned,3,1,1,1,1,,,2020-07-08,118.7069,2023-07-10,154.1052,29.8,45.5,-15.7,0,0,0,1,66582591,178
DLB,not_mentioned,3,0,0,0,0,,,2021-02-24,88.9061,2024-02-26,77.3043,-13.0,35.1,-48.1,0,0,0,1,46338188,194
DOGZ,not_mentioned,3,0,0,0,0,,,2019-02-25,69.0,2022-02-25,51.6,-25.2,64.8,-90.0,0,0,0,1,128702,352
DRUA,not_mentioned,3,0,0,0,0,,,2020-12-23,24.9847,2021-08-30,25.09,0.4,35.3,-34.9,0,0,0,0,2138143,303
DVAX,not_mentioned,3,0,0,0,0,,,2020-07-16,9.49,2023-07-17,14.17,49.3,47.1,2.2,0,1,0,1,57577500,187
EAI,not_mentioned,3,0,0,0,0,,,2021-02-16,20.958,2024-02-16,19.9847,-4.6,33.1,-37.8,0,0,0,1,6961826,264
EMX,not_mentioned,3,0,0,0,0,,,2020-04-29,1.75,2023-05-01,1.94,10.9,48.4,-37.5,0,0,0,1,625810,324
ENBL,not_mentioned,3,5,1,8,8,,,2020-09-01,4.7469,2021-12-02,7.05,48.5,33.9,14.6,0,1,0,0,4174685,283
EQC,not_mentioned,3,0,0,0,0,,,2020-09-01,1.6045,2023-09-01,1.391,-13.3,33.9,-47.2,0,0,0,1,21857914,226
FBNC,not_mentioned,3,0,0,0,0,,,2021-05-21,40.4914,2024-05-21,31.0231,-23.4,33.9,-57.3,0,0,0,1,3587897,290
FCPT,not_mentioned,3,0,0,0,0,,,2021-01-13,20.6496,2024-01-16,21.3336,3.3,30.8,-27.5,0,0,0,1,8126920,258
FGNX,not_mentioned,3,0,0,0,0,,,2020-12-14,370.0,2023-12-14,171.25,-53.7,35.4,-89.1,0,0,0,1,60478,362
FITB,not_mentioned,3,0,0,0,0,,,2020-10-30,18.8201,2023-10-30,21.2019,12.7,33.1,-20.5,0,0,0,1,142023202,142
FIX,not_mentioned,3,0,0,0,0,,,2019-09-27,42.5525,2022-09-27,95.0643,123.4,29.1,94.3,0,1,0,1,16133534,235
FOCS,not_mentioned,3,0,0,0,0,,,2019-10-25,21.99,2022-10-25,33.14,50.7,34.0,16.7,0,1,0,1,5422536,278
FORR,not_mentioned,3,0,0,0,0,,,2020-12-23,39.91,2023-12-26,27.78,-30.4,35.3,-65.7,0,0,0,1,917371,318
FPI,not_mentioned,3,1,1,0,0,,,2020-02-13,5.0289,2023-02-13,10.2237,103.3,28.5,74.8,0,1,0,1,312197,340
FSLR,not_mentioned,3,18,2,49,29,,,2020-11-13,79.95,2023-11-13,133.84,67.4,28.6,38.8,0,1,0,1,196998958,130
FTI,not_mentioned,3,4,1,25,16,,,2021-02-10,7.555,2024-02-12,18.9146,150.4,34.3,116.1,0,1,0,1,342670302,104
FTV,not_mentioned,3,11,3,135,77,,,2020-07-10,41.3218,2023-07-10,55.0166,33.1,44.9,-11.7,0,0,0,1,116034799,153
FULT,not_mentioned,3,0,0,0,0,,,2019-09-27,12.1976,2022-09-27,13.5308,10.9,29.1,-18.2,0,0,0,1,11695158,247
GFNSL,not_mentioned,3,0,0,0,0,,,2020-07-10,24.8996,2021-01-14,25.43,2.1,44.9,-42.7,0,0,0,0,55880,364
GGO,not_mentioned,3,0,0,0,0,,,2020-08-06,10.5494,2021-10-25,16.2,53.6,41.1,12.5,0,1,0,0,0,386
GIGL,not_mentioned,3,0,0,0,0,,,2021-02-01,0.0525,2022-02-03,0.0,-100.0,36.0,-136.0,0,0,1,0,194,380
GMTA,not_mentioned,3,0,0,0,0,,,2019-02-25,22.2629,2021-05-28,25.03,12.4,64.8,-52.4,0,0,0,0,103980,356
GOOG,not_mentioned,3,20,10,781,540,,,2019-04-03,59.766,2022-04-04,142.3799,138.2,67.6,70.6,0,1,0,1,1227431200,32
GPJA,not_mentioned,3,0,0,0,0,,,2021-07-19,20.4413,2024-07-19,22.4894,10.0,35.1,-25.0,0,0,0,1,282421,342
GPK,not_mentioned,3,0,0,0,0,,,2020-07-06,12.6062,2023-07-06,22.114,75.4,45.1,30.3,0,1,0,1,26051634,217
GSBC,not_mentioned,3,0,0,0,0,,,2021-02-01,42.662,2024-02-01,48.4352,13.5,36.0,-22.4,0,0,0,1,1818564,311
GSKY,not_mentioned,3,0,0,0,0,,,2020-11-18,4.1,2022-03-29,10.2,148.8,33.4,115.4,0,1,0,0,16058921,236
HAIN,not_mentioned,3,0,0,0,0,,,2021-05-05,40.55,2024-05-06,6.58,-83.8,29.9,-113.7,0,0,1,1,30517321,212
HQY,not_mentioned,3,0,0,0,0,,,2021-04-12,69.66,2024-04-12,79.85,14.6,29.8,-15.1,0,0,0,1,39065119,201
HTLF,not_mentioned,3,0,0,0,0,,,2019-03-18,40.7092,2022-03-18,46.2051,13.5,65.5,-52.0,0,0,0,1,5612970,275
IBKCO,not_mentioned,3,0,0,0,0,,,2020-01-28,27.4688,2020-07-01,25.75,-6.3,28.6,-34.9,0,0,0,0,1256,375
ICLR,not_mentioned,3,0,0,0,0,,,2020-09-01,186.82,2023-09-01,262.69,40.6,33.9,6.7,0,1,0,1,23655708,223
IEX,not_mentioned,3,1,1,77,77,,,2020-01-14,159.0793,2023-01-17,225.7093,41.9,27.5,14.4,0,1,0,1,53341015,190
IMACW,not_mentioned,3,0,0,0,0,,,2020-12-07,0.1656,2023-12-07,0.0016,-99.0,29.9,-128.9,0,0,1,1,20,382
IMAX,not_mentioned,3,0,0,0,0,,,2021-01-05,18.17,2024-01-05,15.19,-16.4,31.8,-48.2,0,0,0,1,18930141,232
IMO,not_mentioned,3,0,0,0,0,,,2020-05-11,12.6193,2023-05-11,41.5911,229.6,47.5,182.0,1,1,0,1,11147741,250
INPX,not_mentioned,3,0,0,0,0,,,2020-09-28,75.75,2023-09-28,0.1228,-99.8,34.1,-134.0,0,0,1,1,744165,320
ITW,not_mentioned,3,2,1,77,77,,,2020-01-16,154.2758,2023-01-17,214.1055,38.8,26.2,12.6,0,1,0,1,190434826,132
JMSB,not_mentioned,3,0,0,0,0,,,2021-02-16,15.3549,2024-02-16,17.8725,16.4,33.1,-16.8,0,0,0,1,24737,370
KALU,not_mentioned,3,0,0,0,0,,,2020-09-01,52.0261,2023-09-01,70.0393,34.6,33.9,0.7,0,1,0,1,3395677,292
KZIA,not_mentioned,3,0,0,0,0,,,2020-04-17,150.0,2023-04-17,67.5,-55.0,51.2,-106.2,0,0,0,1,23595,371
LBRDK,not_mentioned,3,0,0,0,0,,,2020-07-10,112.5516,2023-07-10,71.1211,-36.8,44.9,-81.7,0,0,0,1,75853175,168
LBTYA,not_mentioned,3,0,0,0,0,,,2021-02-05,12.6842,2024-02-05,9.8557,-22.3,32.8,-55.1,0,0,0,1,30033174,215
LDOS,not_mentioned,3,0,0,0,0,,,2020-05-27,94.6555,2023-05-30,76.2295,-19.5,45.0,-64.4,0,0,0,1,106816862,157
LEE,not_mentioned,3,0,0,0,0,,,2021-02-01,14.5,2024-02-01,9.62,-33.7,36.0,-69.6,0,0,0,1,6196653,270
LEN,not_mentioned,3,3,2,10,5,,,2021-04-05,93.1507,2024-04-05,154.2702,65.6,33.4,32.2,0,1,0,1,185744428,135
LGF-B,not_mentioned,3,0,0,0,0,,,2019-04-26,14.37,2022-04-26,13.06,-9.1,49.0,-58.2,0,0,0,1,8087522,259
LMAT,not_mentioned,3,0,0,0,0,,,2021-02-01,45.5236,2024-02-01,57.3687,26.0,36.0,-10.0,0,0,0,1,6764300,267
LMRKP,not_mentioned,3,0,0,0,0,,,2021-11-02,25.25,2021-12-22,25.47,0.9,28.9,-28.1,0,0,0,0,122285,355
LOPE,not_mentioned,3,0,0,0,0,,,2021-03-18,110.0,2024-03-18,133.76,21.6,37.4,-15.8,0,0,0,1,23878910,221
LOTZ,not_mentioned,3,2,1,9,9,,,2021-04-01,7.54,2023-01-03,0.148,-98.0,36.3,-134.3,0,0,1,0,14875681,241
LQDA,not_mentioned,3,0,0,0,0,,,2020-03-13,4.0,2023-03-13,6.49,62.3,50.2,12.1,0,1,0,1,423244,330
MAR,not_mentioned,3,0,0,0,0,,,2021-01-29,111.7442,2024-01-29,236.4848,111.6,38.8,72.8,0,1,0,1,569544132,76
MASI,not_mentioned,3,0,0,0,0,,,2021-05-17,213.04,2024-05-17,124.1,-41.7,33.2,-75.0,0,0,0,1,71525623,173
MESO,not_mentioned,3,0,0,0,0,,,2021-02-01,19.24,2024-02-01,1.79,-90.7,36.0,-126.7,0,0,1,1,4179072,282
MFIN,not_mentioned,3,0,0,0,0,,,2021-02-01,5.4201,2024-02-01,8.9299,64.8,36.0,28.8,0,1,0,1,188624,348
MGA,not_mentioned,3,2,1,77,77,,,2020-05-27,34.5519,2023-05-30,44.7275,29.5,45.0,-15.5,0,0,0,1,57963890,186
MGNI,not_mentioned,3,0,0,0,0,,,2020-06-15,7.11,2023-06-15,13.65,92.0,50.9,41.0,0,1,0,1,13928930,244
MHH,not_mentioned,3,0,0,0,0,,,2020-12-03,17.63,2023-12-04,8.4,-52.4,30.3,-82.6,0,0,0,1,125684,354
MHNC,not_mentioned,3,0,0,0,0,,,2021-01-20,12.3835,2024-01-22,13.2603,7.1,31.7,-24.6,0,0,0,1,307501,341
MINE,not_mentioned,3,0,0,0,0,,,2020-05-06,0.0001,2023-05-08,0.0,-98.0,52.1,-150.1,0,0,1,1,0,384
MIST,not_mentioned,3,0,0,0,0,,,2021-04-05,5.89,2024-04-05,1.8,-69.4,33.4,-102.8,0,0,0,1,857207,319
MOGU,not_mentioned,3,0,0,0,0,,,2019-02-21,185.04,2022-02-22,3.612,-98.0,62.9,-161.0,0,0,1,1,348475,337
MRSH,not_mentioned,3,1,1,162,162,,,2019-02-25,82.0964,2022-02-25,144.8761,76.5,64.8,11.7,0,1,0,1,117556973,152
MSB,not_mentioned,3,0,0,0,0,,,2020-05-28,9.8751,2023-05-30,12.2212,23.8,45.2,-21.5,0,0,0,1,1148497,317
MSBF,not_mentioned,3,0,0,0,0,,,2020-07-06,10.89,2020-07-10,10.38,-4.7,45.1,-49.8,0,0,0,0,96921,357
MSON,not_mentioned,3,0,0,0,0,,,2019-01-28,18.91,2021-11-22,26.54,40.3,76.3,-36.0,0,0,0,0,445878,329
MT,not_mentioned,3,1,1,89,89,,,2020-12-07,19.3764,2023-12-07,24.4681,26.3,29.9,-3.6,0,0,0,1,77385096,167
MTSI,not_mentioned,3,0,0,0,0,,,2020-04-13,24.15,2023-04-13,64.06,165.3,57.1,108.2,0,1,0,1,10499333,252
MTVA,not_mentioned,3,0,0,0,0,,,2021-02-01,14124.0,2024-02-01,60.17,-99.6,36.0,-135.5,0,0,1,1,2824243,298
MUFG,not_mentioned,3,0,0,0,0,,,2019-09-26,4.255,2022-09-26,4.0898,-3.9,28.8,-32.7,0,0,0,1,5928735,271
NEON,not_mentioned,3,0,0,0,0,,,2020-02-21,2.35,2023-02-21,7.29,210.2,25.6,184.6,1,1,0,1,30058,369
NLY,not_mentioned,3,3,2,53,48,,,2020-05-27,11.6021,2023-05-30,12.2732,5.8,45.0,-39.2,0,0,0,1,156680486,141
NMRK,not_mentioned,3,0,0,0,0,,,2019-03-26,7.6004,2022-03-28,14.8859,95.9,70.4,25.4,0,1,0,1,5455818,277
NNI,not_mentioned,3,0,0,0,0,,,2020-06-22,43.496,2023-06-22,94.666,117.6,47.1,70.6,0,1,0,1,10711130,251
NOK,not_mentioned,3,1,1,0,0,,,2021-05-04,4.1483,2024-05-06,3.4983,-15.7,30.0,-45.6,0,0,0,1,255829229,117
NPK,not_mentioned,3,0,0,0,0,,,2021-02-23,84.8544,2024-02-23,73.164,-13.8,37.0,-50.8,0,0,0,1,6925219,265
NRGU,not_mentioned,3,0,0,0,0,,,2021-02-08,97.26,2024-02-08,445.0,357.5,33.4,324.1,1,1,0,1,58773342,185
NTB,not_mentioned,3,0,0,0,0,,,2020-06-11,17.2547,2023-06-12,23.817,38.0,51.1,-13.1,0,0,0,1,6325121,269
NVGS,not_mentioned,3,0,0,0,0,,,2021-01-19,10.6228,2024-01-19,15.4389,45.3,33.2,12.1,0,1,0,1,1595604,313
NWFL,not_mentioned,3,0,0,0,0,,,2020-02-18,25.5874,2023-02-21,28.9364,13.1,24.4,-11.3,0,0,0,1,51205,365
OCC,not_mentioned,3,0,0,0,0,,,2020-08-31,2.42,2023-08-31,3.8,57.0,34.9,22.1,0,1,0,1,2221,374
OESX,not_mentioned,3,3,1,12,12,,,2020-02-24,49.2,2023-02-24,19.8,-59.8,29.0,-88.8,0,0,0,1,5590842,276
OPOF,not_mentioned,3,0,0,0,0,,,2020-04-16,13.5598,2023-04-17,21.4423,58.1,55.3,2.8,0,1,0,1,253814,343
ORLY,not_mentioned,3,0,0,0,0,,,2021-07-06,38.6787,2024-07-08,68.186,76.3,34.1,42.2,0,1,0,1,247896409,121
OSG,not_mentioned,3,0,0,0,0,,,2020-02-24,1.8017,2023-02-24,3.6621,103.3,29.0,74.2,0,1,0,1,456244,328
PCH,not_mentioned,3,0,0,0,0,,,2020-12-23,38.2894,2023-12-26,45.2511,18.2,35.3,-17.1,0,0,0,1,30784867,211
PFIE,not_mentioned,3,0,0,0,0,,,2020-09-08,0.75,2023-09-08,2.91,288.0,39.9,248.1,1,1,0,1,163794,351
PFLT,not_mentioned,3,1,1,6,6,,,2020-04-14,3.2717,2023-04-14,7.2901,122.8,52.2,70.6,0,1,0,1,2364471,301
PRI,not_mentioned,3,0,0,0,0,,,2020-12-04,129.337,2023-12-04,204.8626,58.4,29.2,29.2,0,1,0,1,19410730,231
PTC,not_mentioned,3,0,0,0,0,,,2021-02-04,139.29,2024-02-05,177.21,27.2,33.4,-6.1,0,0,0,1,75792285,169
PTVCB,not_mentioned,3,0,0,0,0,,,2020-09-29,13.0844,2021-06-01,23.3,78.1,34.5,43.6,0,1,0,0,87581,359
QRVO,not_mentioned,3,7,3,552,540,,,2021-01-27,165.64,2024-01-29,103.7,-37.4,37.2,-74.6,0,0,0,1,262369784,115
QTRX,not_mentioned,3,0,0,0,0,,,2020-03-12,16.38,2023-03-13,12.15,-25.8,63.0,-88.8,0,0,0,1,3405598,291
R,not_mentioned,3,0,0,0,0,,,2019-02-25,50.3554,2022-02-25,70.102,39.2,64.8,-25.6,0,0,0,1,37845641,203
RCAT,not_mentioned,3,0,0,0,0,,,2020-05-18,1.33,2023-05-18,0.9701,-27.1,48.8,-75.9,0,0,0,1,59,381
RCI,not_mentioned,3,2,2,22,16,,,2020-03-30,32.2003,2023-03-30,41.9752,30.4,61.6,-31.2,0,0,0,1,22945565,224
REX,not_mentioned,3,0,0,0,0,,,2020-05-04,9.3617,2023-05-04,13.885,48.3,49.6,-1.3,0,0,0,1,3821245,287
RMBS,not_mentioned,3,0,0,0,0,,,2020-06-29,14.64,2023-06-29,63.1,331.0,50.6,280.4,1,1,0,1,8385792,256
ROKU,not_mentioned,3,2,1,28,28,,,2019-06-26,92.3,2022-06-27,94.75,2.7,40.5,-37.9,0,0,0,1,793666286,49
RRR,not_mentioned,3,0,0,0,0,,,2021-02-08,22.2201,2024-02-08,52.3844,135.8,33.4,102.3,0,1,0,1,35151004,207
RSG,not_mentioned,3,0,0,0,0,,,2020-12-23,88.0953,2023-12-26,158.1157,79.5,35.3,44.2,0,1,0,1,124171799,148
SBLKZ,not_mentioned,3,0,0,0,0,,,2020-04-29,21.7817,2021-07-27,25.39,16.6,48.4,-31.8,0,0,0,0,88345,358
SCU,not_mentioned,3,0,0,0,0,,,2019-10-30,14.0623,2022-10-31,10.2717,-27.0,33.3,-60.3,0,0,0,1,1935304,306
SDPI,not_mentioned,3,0,0,0,0,,,2021-07-07,0.835,2024-07-08,1.29,54.5,33.6,20.9,0,1,0,1,235308,344
SEM,not_mentioned,3,1,1,2,2,,,2021-02-22,13.6358,2024-02-22,13.5681,-0.5,37.1,-37.6,0,0,0,1,11157307,249
SENEB,not_mentioned,3,0,0,0,0,,,2020-11-13,38.08,2023-11-13,50.8067,33.4,28.6,4.9,0,1,0,1,304,379
SIC,not_mentioned,3,0,0,0,0,,,2020-07-29,4.73,2021-10-21,14.49,206.3,47.3,159.0,1,1,0,0,180766,350
SMTC,not_mentioned,3,0,0,0,0,,,2020-09-14,56.23,2023-09-14,25.18,-55.2,39.2,-94.5,0,0,0,1,30416381,213
SNDA,not_mentioned,3,0,0,0,0,,,2021-02-11,27.44,2024-02-12,11.91,-56.6,34.1,-90.7,0,0,0,1,2146905,302
SNFCA,not_mentioned,3,1,1,2,2,,,2019-03-25,3.3835,2022-03-25,7.9293,134.3,70.5,63.9,0,1,0,1,40098,368
SPOK,not_mentioned,3,0,0,0,0,,,2020-12-02,5.9443,2023-12-04,13.6366,129.4,30.2,99.2,0,1,0,1,718580,321
SQNS,not_mentioned,3,0,0,0,0,,,2020-11-13,110.0,2023-11-13,72.0,-34.5,28.6,-63.1,0,0,0,1,1934649,308
SRRA,not_mentioned,3,0,0,0,0,,,2020-05-13,11.155,2022-07-01,54.99,393.0,53.6,339.4,1,1,0,0,183499,349
SSB,not_mentioned,3,0,0,0,0,,,2020-09-08,46.8778,2023-09-08,64.9538,38.6,39.9,-1.4,0,0,0,1,16036614,237
SSWA,not_mentioned,3,0,0,0,0,,,2020-11-11,24.84,2020-12-09,24.84,0.0,29.1,-29.1,0,0,0,0,0,387
STC,not_mentioned,3,1,1,13,13,,,2020-09-01,37.6306,2023-09-01,43.5725,15.8,33.9,-18.1,0,0,0,1,14984975,240
STN,not_mentioned,3,0,0,0,0,,,2021-02-04,36.3898,2024-02-05,79.4844,118.4,33.4,85.1,0,1,0,1,3889410,286
STON,not_mentioned,3,0,0,0,0,,,2021-04-01,1.94,2022-11-03,3.53,82.0,36.3,45.7,0,1,0,0,390898,334
STXS,not_mentioned,3,0,0,0,0,,,2021-07-06,9.2,2024-07-08,1.79,-80.5,34.1,-114.6,0,0,1,1,1844388,310
STZ,not_mentioned,3,1,1,26,26,,,2020-05-29,154.4522,2023-05-30,221.1335,43.2,44.6,-1.4,0,0,0,1,288207977,112
SXTC,not_mentioned,3,0,0,0,0,,,2019-02-25,1209600000.0,2022-02-25,7156800.0,-99.4,64.8,-164.2,0,0,1,1,1237919,316
TECH,not_mentioned,3,0,0,0,0,,,2020-09-08,59.8008,2023-09-08,70.7,18.2,39.9,-21.7,0,0,0,1,67956878,177
TENB,not_mentioned,3,0,0,0,0,,,2020-12-29,51.17,2023-12-29,46.06,-10.0,33.8,-43.8,0,0,0,1,40480126,199
TER,not_mentioned,3,0,0,0,0,,,2021-01-29,111.114,2024-01-29,105.1041,-5.4,38.8,-44.2,0,0,0,1,564535424,77
THTX,not_mentioned,3,0,0,0,0,,,2021-02-16,11.08,2024-02-16,1.65,-85.1,33.1,-118.3,0,0,1,1,1361673,314
TPVG,not_mentioned,3,2,1,6,6,,,2020-12-24,6.0494,2023-12-26,7.1818,18.7,34.8,-16.1,0,0,0,1,3235285,294
TR,not_mentioned,3,0,0,0,0,,,2020-10-05,24.6889,2023-10-05,27.516,11.5,30.7,-19.2,0,0,0,1,3221355,295
TVC,not_mentioned,3,0,0,0,0,,,2020-07-15,22.1273,2023-07-17,20.3149,-8.2,46.6,-54.8,0,0,0,1,74672,361
TY-P,not_mentioned,3,0,0,0,0,,,2021-01-27,43.1448,2024-01-29,39.3631,-8.8,37.2,-46.0,0,0,0,1,0,388
UBER,not_mentioned,3,1,1,3,3,,,2020-07-06,32.52,2023-07-06,42.11,29.5,45.1,-15.6,0,0,0,1,1377136602,27
UDR,not_mentioned,3,0,0,0,0,,,2020-08-04,28.0054,2023-08-04,35.3024,26.1,41.7,-15.6,0,0,0,1,48361770,193
UVSP,not_mentioned,3,0,0,0,0,,,2020-11-13,15.4703,2023-11-13,16.2069,4.8,28.6,-23.8,0,0,0,1,1862682,309
VANI,not_mentioned,3,0,0,0,0,,,2021-01-26,7.44,2024-01-26,1.03,-86.2,32.8,-119.0,0,0,1,1,50954588,191
VLO,not_mentioned,3,2,1,48,48,,,2021-04-15,59.3723,2024-04-15,159.4509,168.6,26.8,141.7,0,1,0,1,201342787,128
VNET,not_mentioned,3,0,0,0,0,,,2021-03-22,33.0,2024-03-22,1.89,-94.3,38.8,-133.1,0,0,1,1,23749242,222
VRTS,not_mentioned,3,0,0,0,0,,,2021-01-05,174.0994,2024-01-05,205.0591,17.8,31.8,-14.0,0,0,0,1,9851374,254
VTSI,not_mentioned,3,3,1,1,1,,,2020-03-10,3.05,2023-03-10,4.16,36.4,40.4,-4.0,0,0,0,1,60478,363
WASH,not_mentioned,3,0,0,0,0,,,2020-10-12,23.9525,2023-10-12,21.5863,-9.9,28.7,-38.6,0,0,0,1,1609759,312
WBK,not_mentioned,3,0,0,0,0,,,2020-03-12,9.9691,2022-03-22,14.2,42.4,63.0,-20.6,0,0,0,0,12510565,245
WLY,not_mentioned,3,0,0,0,0,,,2020-12-18,36.8868,2023-12-18,29.3183,-20.5,33.7,-54.2,0,0,0,1,63355810,181
WYNN,not_mentioned,3,2,1,48,48,,,2021-02-01,98.1666,2024-02-01,94.5928,-3.6,36.0,-39.6,0,0,0,1,180198236,137
XNET,not_mentioned,3,1,0,1,1,,,2020-12-18,3.04,2023-12-18,1.5,-50.7,33.7,-84.3,0,0,0,1,3350858,293
YIN,not_mentioned,3,0,0,0,0,,,2019-05-28,6.2457,2020-11-18,7.25,16.1,54.9,-38.8,0,0,0,0,378548,335
ZAYO,not_mentioned,3,0,0,0,0,,,2019-01-28,27.42,2020-03-11,34.99,27.6,76.3,-48.7,0,0,0,0,259067532,116
ZIONP,not_mentioned,3,0,0,0,0,,,2021-02-01,18.0958,2024-02-01,16.7652,-7.4,36.0,-43.3,0,0,0,1,43592,367
ZNGA,not_mentioned,3,0,0,0,0,,,2019-12-11,6.14,2022-09-08,8.18,33.2,33.2,0.0,0,1,0,0,84577290,165
BRK-B,mentioned,5,369,127,7469,435,1,1,2019-02-25,202.31,2024-02-26,409.14,102.2,96.5,5.7,0,1,0,1,1041188415,37
TGT,mentioned,5,363,121,3215,191,2,8,2019-05-31,65.844,2024-05-31,143.2294,117.5,107.8,9.8,0,1,0,1,332829855,106
AMZN,mentioned,5,372,120,5375,274,3,2,2019-05-28,91.8215,2024-05-28,182.15,98.4,105.1,-6.7,0,0,0,1,5876511724,4
GOOGL,mentioned,5,327,118,5053,540,4,4,2019-04-03,60.0053,2024-04-03,153.5505,155.9,96.7,59.2,0,1,0,1,1343531727,28
AAPL,mentioned,5,354,117,5091,309,5,3,2019-03-26,44.4715,2024-03-26,167.8875,277.5,100.1,177.4,1,1,0,1,9302242493,2
TSLA,mentioned,5,293,107,3750,316,6,6,2019-03-06,18.416,2024-03-06,176.54,858.6,99.6,759.1,1,1,0,1,2855074376,10
BABA,mentioned,5,241,79,3262,206,7,7,2019-12-11,192.4305,2024-12-11,86.6722,-55.0,108.8,-163.8,0,0,0,1,2381992614,13
MSFT,mentioned,5,198,60,1990,243,8,11,2020-03-02,163.7653,2025-03-03,384.6917,134.9,103.8,31.1,0,1,0,1,12273413659,1
GME,mentioned,5,108,56,3978,540,9,5,2019-11-21,1.375,2024-11-21,27.82,1923.3,106.8,1816.4,1,1,0,1,15312115,239
META,mentioned,5,89,54,2253,540,10,9,2019-02-22,160.4997,2024-02-22,482.4701,200.6,97.4,103.2,1,1,0,1,2567327384,12
KO,mentioned,5,137,51,1764,299,11,13,2019-10-25,43.8024,2024-10-25,63.6475,45.3,107.5,-62.2,0,0,0,1,525728266,81
INTC,mentioned,5,160,50,1911,241,12,12,2020-04-29,54.7818,2025-04-29,20.34,-62.9,103.4,-166.3,0,0,0,1,1881905233,19
WMT,mentioned,5,134,38,2039,274,13,10,2020-02-24,35.4884,2025-02-24,92.415,160.4,99.9,60.5,0,1,0,1,769545435,52
NFLX,mentioned,5,60,36,1588,270,14,14,2019-06-26,36.22,2024-06-26,67.769,87.1,103.3,-16.2,0,0,0,1,1329157009,29
TME,mentioned,5,117,35,838,127,15,21,2020-05-27,11.6596,2025-05-27,17.4532,49.7,109.5,-59.9,0,0,0,1,71755256,172
VZ,mentioned,5,131,33,840,162,16,20,2020-06-29,37.7147,2025-06-30,39.854,5.7,118.0,-112.3,0,0,0,1,871227013,43
DIS,mentioned,5,185,29,1002,270,17,16,2019-04-26,134.0079,2024-04-26,109.64,-18.2,87.8,-106.0,0,0,0,1,1982329052,17
MMM,mentioned,5,37,24,350,164,18,50,2020-07-06,107.9324,2025-07-07,149.034,38.1,110.3,-72.2,0,0,0,1,331726526,108
JPM,mentioned,5,35,23,749,239,19,23,2020-09-28,82.4938,2025-09-29,309.8078,275.6,113.1,162.5,1,1,0,1,2009177232,16
NVDA,mentioned,5,30,22,1013,350,20,15,2020-08-04,11.1768,2025-08-04,179.7648,1508.4,105.4,1402.9,1,1,0,1,3484370532,8
BA,mentioned,5,40,20,873,540,21,19,2019-10-30,342.0308,2024-10-30,154.29,-54.9,106.1,-161.0,0,0,0,1,1382569222,26
AMD,mentioned,5,68,19,775,167,22,22,2020-04-29,53.66,2025-04-29,96.06,79.0,103.4,-24.4,0,0,0,1,5945574093,3
LMT,mentioned,5,66,19,873,162,23,18,2020-12-18,306.6314,2025-12-18,464.6516,51.5,95.8,-44.2,0,0,0,1,1545894721,25
JNJ,mentioned,5,29,19,414,239,24,39,2020-05-28,124.4304,2025-05-28,148.7143,19.5,108.7,-89.2,0,0,0,1,909680368,40
DD,mentioned,5,29,18,506,221,25,32,2020-11-13,70.0363,2025-11-13,120.2166,71.6,101.4,-29.7,0,0,0,1,136345713,145
PFE,mentioned,5,42,17,361,162,26,47,2020-07-10,23.413,2025-07-10,23.6734,1.1,111.7,-110.6,0,0,0,1,784592193,51
COST,mentioned,5,32,17,648,201,27,26,2020-06-22,274.9025,2025-06-23,997.28,262.8,107.6,155.2,1,1,0,1,629273296,67
GS,mentioned,5,27,16,918,540,28,17,2019-02-25,167.1974,2024-02-26,369.9189,121.2,96.5,24.7,0,1,0,1,602340769,72
IBM,mentioned,5,23,16,511,158,29,31,2020-05-27,92.9456,2025-05-27,254.8057,174.1,109.5,64.6,0,1,0,1,718736963,59
SBUX,mentioned,5,42,15,330,69,30,53,2020-01-14,78.2179,2025-01-14,89.0083,13.8,91.9,-78.1,0,0,0,1,532782846,79
MRK,mentioned,5,31,15,617,162,31,28,2021-02-01,62.095,2026-02-02,111.7148,79.9,98.1,-18.1,0,0,0,1,607114627,71
WFC,mentioned,5,25,15,444,162,32,35,2020-09-01,20.9865,2025-09-02,80.0293,281.3,95.1,186.3,1,1,0,1,734531877,55
PLTR,mentioned,5,22,14,183,131,33,85,2020-10-05,9.03,2025-10-06,179.53,1888.2,112.1,1776.1,1,1,0,1,1103992606,36
BAC,mentioned,5,22,14,241,48,34,67,2020-03-17,18.8908,2025-03-17,40.3167,113.4,142.1,-28.7,0,0,0,1,2637363912,11
SHOP,mentioned,5,21,14,190,47,35,79,2020-04-17,59.039,2025-04-17,83.65,41.7,97.6,-55.9,0,0,0,1,3620248454,7
FCF,mentioned,5,20,14,271,104,36,62,2020-09-14,6.424,2025-09-15,16.93,163.5,109.8,53.8,0,1,0,1,5718318,274
HD,mentioned,5,76,13,431,274,37,37,2020-08-31,246.0796,2025-09-02,395.7081,60.8,96.9,-36.1,0,0,0,1,1170213762,33
PTON,mentioned,5,48,13,489,257,38,33,2019-09-27,25.24,2024-09-27,4.81,-80.9,109.1,-190.1,0,0,1,1,109272119,155
MU,mentioned,5,29,13,260,72,39,64,2020-11-13,56.4803,2025-11-13,236.7111,319.1,101.4,217.7,1,1,0,1,830044733,45
XOM,mentioned,5,28,13,165,48,40,94,2020-05-13,32.3845,2025-05-13,105.1391,224.7,124.2,100.4,1,1,0,1,1289959049,31
PYPL,mentioned,5,21,13,413,160,41,40,2020-03-13,109.2083,2025-03-13,66.338,-39.3,121.0,-160.2,0,0,0,1,2111637073,14
MO,mentioned,5,57,12,435,159,42,36,2020-01-28,30.0916,2025-01-28,47.5438,58.0,99.6,-41.6,0,0,0,1,478886496,89
T,mentioned,5,43,12,347,165,43,51,2020-07-29,15.5839,2025-07-29,26.1837,68.0,109.9,-41.9,0,0,0,1,900867101,41
LUMN,mentioned,5,29,12,139,30,44,105,2020-12-30,8.4275,2025-12-30,7.82,-7.2,97.9,-105.1,0,0,0,1,83964042,166
BMY,mentioned,5,17,12,130,29,45,109,2020-12-23,48.5764,2025-12-23,52.5175,8.1,100.5,-92.4,0,0,0,1,380339331,98
FISI,mentioned,5,16,12,163,54,46,95,2020-08-26,12.2705,2025-08-26,26.4491,115.6,99.4,16.1,0,1,0,1,650063,323
CVX,mentioned,5,23,11,657,162,47,25,2020-03-10,64.555,2025-03-10,149.388,131.4,109.8,21.6,0,1,0,1,1924019687,18
SCHW,mentioned,5,18,11,59,10,48,154,2019-02-21,41.1378,2024-02-21,62.0636,50.9,94.6,-43.7,0,0,0,1,252354054,119
QCOM,mentioned,5,18,11,281,113,49,60,2020-07-08,82.34,2025-07-08,156.1506,89.6,110.8,-21.1,0,0,0,1,625971691,68
M,mentioned,5,46,10,380,145,50,45,2020-09-01,5.7871,2025-09-02,13.001,124.7,95.1,29.6,0,1,0,1,180697709,136
KHC,mentioned,5,30,10,187,128,51,81,2019-01-28,32.153,2024-01-29,32.5207,1.1,102.2,-101.1,0,0,0,1,306998582,110
VALU,mentioned,5,23,10,197,107,52,77,2020-05-06,23.3559,2025-05-06,37.7733,61.7,111.5,-49.8,0,0,0,1,81532,360
CCL,mentioned,5,15,10,84,61,53,142,2020-03-12,14.7342,2025-03-12,19.1929,30.3,143.1,-112.8,0,0,0,1,714090856,62
ABBV,mentioned,5,14,10,207,162,54,74,2021-02-01,83.123,2026-02-02,222.2077,167.3,98.1,69.3,0,1,0,1,769107051,53
IBKR,mentioned,5,14,10,129,94,55,110,2020-12-02,13.2955,2025-12-02,63.456,377.3,99.4,277.9,1,1,0,1,37824709,204
BIDU,mentioned,5,12,10,172,73,56,92,2020-11-13,145.08,2025-11-13,120.65,-16.8,101.4,-118.2,0,0,0,1,354319308,101
ATVI,mentioned,5,59,9,395,109,57,41,2021-03-29,92.0211,2023-10-13,94.42,2.6,71.0,-68.4,0,0,0,0,814288886,46
CRSR,mentioned,5,59,9,380,137,58,44,2021-03-18,31.96,2026-03-18,5.35,-83.3,81.0,-164.3,0,0,1,1,36492614,206
GEO,mentioned,5,30,9,461,259,59,34,2021-02-22,7.39,2026-02-23,13.31,80.1,88.9,-8.8,0,0,0,1,57518564,188
PG,mentioned,5,19,9,210,99,60,73,2020-05-28,99.0042,2025-05-28,161.5413,63.2,108.7,-45.5,0,0,0,1,764453794,54
AXP,mentioned,5,18,9,175,98,61,89,2020-01-28,121.7528,2025-01-28,311.8077,156.1,99.6,56.5,0,1,0,1,491747247,87
PS,mentioned,5,16,9,285,144,62,58,2020-12-02,17.4975,2021-04-06,22.3701,27.8,99.4,-71.5,0,0,0,0,23907307,220
PEP,mentioned,5,15,9,37,26,63,170,2020-04-16,111.5935,2025-04-16,133.3152,19.5,102.6,-83.2,0,0,0,1,619057297,69
CRM,mentioned,5,14,9,123,27,64,113,2020-05-27,173.5476,2025-05-27,274.393,58.1,109.5,-51.4,0,0,0,1,1114178230,35
NKE,mentioned,5,12,9,283,96,65,59,2019-09-26,83.5102,2024-09-26,85.558,2.5,108.3,-105.8,0,0,0,1,971047910,38
MORN,mentioned,5,13,9,91,25,66,136,2020-03-04,140.0065,2025-03-04,295.0404,110.7,99.0,11.7,0,1,0,1,14671689,242
CSCO,mentioned,5,12,9,103,68,67,126,2020-11-13,35.1996,2025-11-13,76.277,116.7,101.4,15.3,0,1,0,1,2033572057,15
CEO,mentioned,5,10,9,90,42,68,137,2019-02-25,159.435,2023-05-12,121.76,-23.6,96.5,-120.2,0,0,0,0,10382143,253
CVS,mentioned,5,58,8,184,66,69,83,2021-02-01,59.8242,2026-02-02,74.3269,24.2,98.1,-73.8,0,0,0,1,368485133,100
BIIB,mentioned,5,26,8,59,16,70,153,2020-09-08,268.9,2025-09-08,141.35,-47.4,109.2,-156.6,0,0,0,1,335243814,105
OXY,mentioned,5,25,8,319,137,71,54,2019-11-18,33.7314,2024-11-18,49.1393,45.7,103.8,-58.1,0,0,0,1,516015288,83
KKR,mentioned,5,22,8,89,47,72,138,2019-02-25,20.9729,2024-02-26,94.0154,348.3,96.5,251.7,1,1,0,1,121945324,151
NPV,mentioned,5,18,8,550,283,73,29,2020-03-30,9.2549,2025-03-31,10.8075,16.8,130.0,-113.2,0,0,0,1,399808,333
B,mentioned,5,15,8,149,48,74,101,2019-10-25,14.7657,2024-10-25,18.8653,27.8,107.5,-79.8,0,0,0,1,168700506,138
ROIC,mentioned,5,13,8,353,139,75,49,2020-06-22,9.7197,2025-02-12,17.49,79.9,107.6,-27.6,0,0,0,0,13962575,243
GE,mentioned,5,13,8,421,159,76,38,2019-03-18,49.1543,2024-03-18,133.5709,171.7,97.0,74.8,0,1,0,1,934803990,39
BTI,mentioned,5,13,8,93,27,77,134,2020-09-01,21.5293,2025-09-02,52.2407,142.6,95.1,47.6,0,1,0,1,63526936,180
TSM,mentioned,5,60,7,114,36,78,118,2021-01-29,111.1964,2026-01-29,337.8483,203.8,101.0,102.9,1,1,0,1,1843358510,20
BBY,mentioned,5,42,7,113,47,79,121,2021-02-26,78.7899,2026-02-26,61.112,-22.4,94.2,-116.6,0,0,0,1,454739436,91
AFL,mentioned,5,37,7,183,86,80,84,2020-11-18,37.7605,2025-11-18,110.0045,191.3,98.8,92.5,0,1,0,1,237915688,122
DG,mentioned,5,22,7,346,191,81,52,2021-02-01,176.4266,2026-02-02,142.0886,-19.5,98.1,-117.5,0,0,0,1,595077075,73
LOGI,mentioned,5,18,7,99,50,82,130,2021-02-23,99.415,2026-02-23,89.38,-10.1,88.7,-98.8,0,0,0,1,187149130,134
ALL,mentioned,5,18,7,75,32,83,148,2020-11-25,90.5384,2025-11-25,209.4814,131.4,99.7,31.7,0,1,0,1,202779423,127
ASX,mentioned,5,16,7,109,44,84,124,2020-12-03,4.269,2025-12-03,15.2531,257.3,100.1,157.2,1,1,0,1,4419792,281
DISCK,mentioned,5,15,7,226,79,85,70,2021-04-05,36.1,2022-09-16,24.42,-32.4,73.7,-106.0,0,0,0,0,274569163,113
GM,mentioned,5,14,7,241,162,86,68,2020-06-22,25.3315,2025-06-23,48.0794,89.8,107.6,-17.8,0,0,0,1,344622436,102
RGA,mentioned,5,13,7,108,28,87,125,2021-02-16,102.2887,2026-02-17,220.448,115.5,86.5,29.0,0,1,0,1,63257412,182
XYZ,mentioned,5,13,7,288,127,88,57,2021-02-01,221.94,2026-02-02,60.4,-72.8,98.1,-170.8,0,0,1,1,1742082519,22
C,mentioned,5,12,7,147,48,89,102,2020-03-04,53.6823,2025-03-04,69.8447,30.1,99.0,-68.9,0,0,0,1,1628990166,23
KR,mentioned,5,12,7,235,162,90,69,2020-09-08,30.4324,2025-09-08,66.5019,118.5,109.2,9.3,0,1,0,1,320045420,109
MCD,mentioned,5,11,7,386,299,91,42,2020-07-15,166.9857,2025-07-15,292.5177,75.2,107.7,-32.5,0,0,0,1,716095452,61
MRNA,mentioned,5,11,7,172,75,92,93,2021-02-01,157.48,2026-02-02,42.55,-73.0,98.1,-171.0,0,0,1,1,3473462816,9
TTM,mentioned,5,10,7,55,21,93,160,2020-02-24,10.33,2023-05-12,25.14,143.4,99.9,43.5,0,1,0,0,18702134,234
SPCE,mentioned,5,10,7,188,159,94,80,2020-04-14,380.6,2025-04-14,2.6,-99.3,104.4,-203.7,0,0,1,1,725380934,56
AAL,mentioned,5,9,7,173,59,95,91,2021-02-01,16.84,2026-02-02,13.69,-18.7,98.1,-116.8,0,0,0,1,832502694,44
ORCL,mentioned,5,9,7,132,99,96,108,2020-05-21,47.8438,2025-05-21,155.0735,224.1,112.7,111.5,1,1,0,1,389771594,97
DHI,mentioned,5,8,7,54,18,97,161,2021-01-07,64.758,2026-01-07,138.0622,113.2,94.9,18.3,0,1,0,1,235966772,123
TROW,mentioned,5,8,7,128,77,98,112,2020-05-11,86.3893,2025-05-12,91.0037,5.3,114.4,-109.1,0,0,0,1,100214331,161
LULU,mentioned,5,88,6,134,43,99,107,2020-06-11,308.12,2025-06-11,252.28,-18.1,115.2,-133.4,0,0,0,1,1127580854,34
PRDO,mentioned,5,52,6,94,33,100,133,2020-09-21,11.3514,2025-09-22,35.3676,211.6,118.8,92.7,1,1,0,1,5887405,272
DKNG,mentioned,5,39,6,128,56,101,111,2020-05-29,39.7,2025-05-29,35.6,-10.3,108.6,-118.9,0,0,0,1,593471965,74
COIN,mentioned,5,22,6,197,159,102,78,2021-04-15,322.75,2026-04-15,195.9,-39.3,80.3,-119.6,0,0,0,1,1291733211,30
ADBE,mentioned,5,15,6,57,28,103,158,2019-03-25,262.27,2024-03-25,507.23,93.4,102.0,-8.6,0,0,0,1,692226258,64
AVGO,mentioned,5,12,6,116,68,104,117,2021-02-01,41.8458,2026-02-02,329.8972,688.4,98.1,590.3,1,1,0,1,794770939,48
MS,mentioned,5,12,6,259,167,105,65,2020-11-18,49.3918,2025-11-18,157.2712,218.4,98.8,119.6,1,1,0,1,678470974,65
TBBK,mentioned,5,13,6,88,48,106,139,2021-02-01,17.02,2026-02-02,62.765,268.8,98.1,170.7,1,1,0,1,6888062,266
DJCO,mentioned,5,10,6,224,149,107,71,2020-02-18,282.55,2025-02-18,443.6,57.0,96.0,-39.0,0,0,0,1,221236,345
REGN,mentioned,5,11,6,153,77,108,97,2021-02-16,476.8463,2026-02-17,791.4295,66.0,86.5,-20.5,0,0,0,1,655453372,66
SU,mentioned,5,9,6,217,162,109,72,2020-10-30,8.8729,2025-10-30,38.7869,337.1,123.4,213.8,1,1,0,1,85007038,164
TWLO,mentioned,5,9,6,28,9,110,177,2020-06-02,201.67,2025-06-02,119.6,-40.7,107.0,-147.7,0,0,0,1,501918514,85
UAL,mentioned,5,8,6,374,159,111,46,2020-05-04,25.26,2025-05-05,74.86,196.4,113.8,82.6,0,1,0,1,1595229497,24
DKS,mentioned,5,6,6,86,49,112,141,2021-01-05,50.1127,2026-01-05,204.5451,308.2,98.4,209.7,1,1,0,1,232343787,125
TTWO,mentioned,5,30,5,57,32,113,157,2021-01-13,199.5,2026-01-13,247.49,24.1,95.7,-71.7,0,0,0,1,255647280,118
CXW,mentioned,5,23,5,314,283,114,55,2021-03-22,9.01,2026-03-23,20.23,124.5,78.8,45.7,0,1,0,1,11395992,248
SPG,mentioned,5,18,5,152,73,115,99,2020-11-13,55.1208,2025-11-13,177.4739,222.0,101.4,120.6,1,1,0,1,579094494,75
TLRY,mentioned,5,15,5,24,18,116,180,2021-01-20,187.9,2026-01-20,8.75,-95.3,89.1,-184.5,0,0,1,1,493093343,86
ZG,mentioned,5,14,5,624,284,117,27,2021-11-02,85.48,2026-08-14,35.16,-58.9,79.3,-138.2,0,0,0,0,271236588,114
RKT,mentioned,5,14,5,56,26,118,159,2021-02-04,18.0683,2026-02-04,20.0,10.7,90.4,-79.7,0,0,0,1,188530137,133
CLX,mentioned,5,12,5,205,67,119,75,2021-02-11,152.5648,2026-02-11,122.9052,-19.4,89.8,-109.2,0,0,0,1,305531717,111
FL,mentioned,5,11,5,119,79,120,116,2020-03-12,18.6433,2025-03-12,15.65,-16.1,143.1,-159.2,0,0,0,1,112366288,154
TMUS,mentioned,5,10,5,182,162,121,86,2021-02-08,120.6442,2026-02-09,195.6714,62.2,90.4,-28.2,0,0,0,1,724146777,57
TDOC,mentioned,5,10,5,36,20,122,171,2020-04-17,173.27,2025-04-17,6.83,-96.1,97.6,-193.6,0,0,1,1,561504653,78
FWONA,mentioned,5,7,5,71,48,123,149,2020-07-06,28.6845,2025-07-07,93.17,224.8,110.3,114.5,1,1,0,1,5818711,273
HEXEY,mentioned,5,7,5,48,17,124,162,2021-04-12,7.9387,2026-04-13,13.965,75.9,78.5,-2.6,0,0,0,1,0,385
TSN,mentioned,5,7,5,114,48,125,119,2021-02-01,54.2943,2026-02-02,64.6777,19.1,98.1,-78.9,0,0,0,1,123129707,150
CHUC,mentioned,5,7,5,162,82,126,96,2020-10-12,0.35,2025-10-13,0.31,-11.4,101.9,-113.3,0,0,0,1,4438,373
UL,mentioned,5,7,5,26,14,127,179,2020-04-13,46.3193,2025-04-14,66.6078,43.8,110.4,-66.6,0,0,0,1,40001892,200
BUD,mentioned,5,6,5,64,26,128,152,2020-09-01,53.2793,2025-09-02,60.3105,13.2,95.1,-81.9,0,0,0,1,71446840,174
ENB,mentioned,5,6,5,40,12,129,167,2021-02-01,23.3091,2026-02-02,46.3857,99.0,98.1,0.9,0,1,0,1,101933791,160
V,mentioned,5,6,5,121,78,130,115,2019-10-25,169.1499,2024-10-25,277.5636,64.1,107.5,-43.4,0,0,0,1,1800740320,21
TXN,mentioned,5,5,5,113,68,131,122,2021-02-16,155.2415,2026-02-17,223.4048,43.9,86.5,-42.6,0,0,0,1,702720949,63
CF,mentioned,5,5,5,59,35,132,155,2020-11-18,28.7151,2025-11-18,79.9772,178.5,98.8,79.7,0,1,0,1,105680564,158
NKLA,mentioned,5,5,5,80,68,133,145,2020-08-06,1089.0,2025-02-25,0.183,-100.0,103.3,-203.3,0,0,1,0,717018799,60
DOGP,mentioned,5,5,5,14,8,134,188,2021-02-08,1.1089,2026-02-09,0.0176,-98.4,90.4,-188.8,0,0,1,1,312566,339
MX,mentioned,5,29,4,152,44,135,98,2021-02-12,19.49,2026-02-12,3.03,-84.5,85.9,-170.4,0,0,1,1,16007604,238
FKWL,mentioned,5,28,4,26,16,136,178,2021-07-07,9.0285,2026-07-07,2.38,-73.6,84.2,-157.8,0,0,1,1,511556,326
UNFI,mentioned,5,27,4,136,77,137,106,2021-03-08,31.83,2026-03-09,38.84,22.0,90.4,-68.4,0,0,0,1,44493788,197
HOLI,mentioned,5,26,4,34,22,138,172,2020-02-13,14.9669,2024-07-26,26.42,76.5,95.2,-18.7,0,0,0,0,3124952,296
BYND,mentioned,5,26,4,58,26,139,156,2020-12-23,4197.6,2025-12-23,30.3,-99.3,100.5,-199.8,0,0,1,1,250567336,120
BMO,mentioned,5,21,4,102,51,140,127,2021-07-06,80.2449,2026-07-06,174.9073,118.0,85.7,32.3,0,1,0,1,48391748,192
ASO,mentioned,5,21,4,75,33,141,147,2021-05-04,29.66,2026-05-04,51.6206,74.0,85.0,-11.0,0,0,0,1,85806898,163
IMKTA,mentioned,5,21,4,32,13,142,174,2021-02-11,48.8629,2026-02-11,86.4236,76.9,89.8,-12.9,0,0,0,1,4170961,284
PHM,mentioned,5,20,4,17,10,143,186,2020-10-12,46.7451,2025-10-13,119.7334,156.1,101.9,54.3,0,1,0,1,102708406,159
MKL,mentioned,5,17,4,91,48,144,135,2020-07-10,913.92,2025-07-10,1994.16,118.2,111.7,6.5,0,1,0,1,31405946,209
UNIT,mentioned,5,17,4,289,283,145,56,2021-02-05,15.0418,2026-02-05,7.83,-47.9,87.3,-135.2,0,0,0,1,25472600,218
STNG,mentioned,5,13,4,141,78,146,104,2021-02-01,11.0333,2026-02-02,62.9688,470.7,98.1,372.7,1,1,0,1,18767701,233
ET,mentioned,5,11,4,34,23,147,173,2021-01-29,3.9959,2026-01-29,17.5814,340.0,101.0,239.0,1,1,0,1,141521831,143
BYD,mentioned,5,11,4,360,350,148,48,2020-09-01,26.3472,2025-09-02,84.8593,222.1,95.1,127.0,1,1,0,1,30253496,214
STMP,mentioned,5,11,4,243,111,149,66,2021-03-24,181.33,2021-10-05,329.61,81.8,80.5,1.3,0,1,0,0,37949105,202
BTG,mentioned,5,11,4,32,16,150,175,2021-05-21,4.2812,2026-05-21,4.6063,7.6,91.7,-84.1,0,0,0,1,32204901,208
NNDM,mentioned,5,10,4,382,350,151,43,2021-02-01,14.14,2026-02-02,1.88,-86.7,98.1,-184.8,0,0,1,1,372914615,99
WDC,mentioned,5,9,4,668,540,152,24,2021-01-29,42.4619,2026-01-29,278.1942,555.2,101.0,454.2,1,1,0,1,874462247,42
F,mentioned,5,9,4,204,166,153,76,2020-05-18,3.9893,2025-05-19,9.8677,147.4,116.9,30.4,0,1,0,1,722954413,58
PRU,mentioned,5,9,4,262,191,154,63,2021-02-01,60.1807,2026-02-02,108.4299,80.2,98.1,-17.9,0,0,0,1,126285749,147
RSI,mentioned,5,9,4,530,167,155,30,2021-01-29,18.17,2026-01-29,17.78,-2.1,101.0,-103.1,0,0,0,1,27029414,216
RTNTF,mentioned,5,9,4,122,64,156,114,2020-12-15,38.9971,2025-12-15,92.5065,137.2,97.6,39.6,0,1,0,1,701,376
DASH,mentioned,5,9,4,281,159,157,61,2020-12-09,189.51,2025-12-09,229.99,21.4,98.5,-77.2,0,0,0,1,487519204,88
GILD,mentioned,5,9,4,20,8,158,183,2020-11-11,48.4744,2025-11-11,120.2788,148.1,105.5,42.7,0,1,0,1,440918421,93
SFTBF,mentioned,5,8,4,83,53,159,143,2019-12-11,37.7405,2024-12-11,59.6828,58.1,108.8,-50.7,0,0,0,1,338513,338
NEE,mentioned,5,8,4,44,26,160,164,2020-12-23,64.5158,2025-12-23,78.6919,22.0,100.5,-78.6,0,0,0,1,343893171,103
HON,mentioned,5,8,4,88,48,161,140,2020-12-23,185.0045,2025-12-23,202.2997,9.3,100.5,-91.2,0,0,0,1,429859819,94
GSK,mentioned,5,8,4,17,8,162,187,2021-02-24,34.4761,2026-02-24,58.047,68.4,88.0,-19.6,0,0,0,1,221675843,126
BGFV,mentioned,5,8,4,18,6,163,185,2021-07-19,15.7519,2026-07-20,1.44,-90.9,86.9,-177.7,0,0,1,1,21808981,227
LNG,mentioned,5,8,4,178,143,164,88,2021-01-26,57.7131,2026-01-26,205.0714,255.3,93.4,161.9,1,1,0,1,158126364,140
UNH,mentioned,5,7,4,100,48,165,129,2020-12-23,306.8987,2025-12-23,320.4933,4.4,100.5,-96.1,0,0,0,1,792740316,50
NET,mentioned,5,7,4,23,15,166,181,2021-02-10,90.91,2026-02-10,179.98,98.0,90.1,7.9,0,1,0,1,409819370,95
QQQ,mentioned,5,7,4,19,10,167,184,2020-12-24,299.7312,2025-12-24,622.4672,107.7,100.5,7.2,0,1,0,1,5195963671,6
VALE,mentioned,5,7,4,69,23,168,150,2020-02-21,6.3399,2025-02-21,8.9671,41.4,94.2,-52.7,0,0,0,1,453694319,92
VIPS,mentioned,5,7,4,146,98,169,103,2021-04-05,26.881,2026-04-06,14.4265,-46.3,73.7,-120.0,0,0,0,1,525411041,82
NMIH,mentioned,5,6,4,39,34,170,169,2020-12-14,23.25,2025-12-15,40.13,72.6,100.3,-27.7,0,0,0,1,11833994,246
AMGN,mentioned,5,6,4,8,4,171,193,2020-12-07,190.6647,2025-12-08,316.6072,66.1,98.7,-32.7,0,0,0,1,509572962,84
BLK,mentioned,5,6,4,40,26,172,166,2020-12-23,616.5915,2025-12-23,1073.892,74.2,100.5,-26.4,0,0,0,1,529560167,80
DBX,mentioned,5,6,4,32,22,173,176,2021-02-08,24.82,2026-02-09,24.88,0.2,90.4,-90.2,0,0,0,1,198946149,129
NOC,mentioned,5,6,4,114,65,174,120,2020-12-18,277.002,2025-12-18,555.2007,100.4,95.8,4.7,0,1,0,1,807360079,47
HII,mentioned,5,6,4,99,77,175,131,2020-06-15,159.3109,2025-06-16,225.411,41.5,111.2,-69.7,0,0,0,1,73699975,171
ETR,mentioned,5,6,4,79,48,176,146,2020-11-25,45.5958,2025-11-25,93.0485,104.1,99.7,4.4,0,1,0,1,131240904,146
ACB,mentioned,5,5,4,43,28,177,165,2020-09-29,46.8,2025-09-29,6.23,-86.7,114.2,-200.9,0,0,1,1,66099215,179
MSGN,mentioned,5,5,4,12,5,178,190,2020-07-06,10.44,2021-07-09,14.17,35.7,110.3,-74.6,0,0,0,0,7740216,260
PSX,mentioned,5,5,4,102,48,179,128,2020-11-13,46.8734,2025-11-13,136.1987,190.6,101.4,89.2,0,1,0,1,332485879,107
UK,mentioned,5,5,4,13,5,180,189,2021-04-22,5328.0,2026-04-22,3.092,-99.9,84.8,-184.7,0,0,1,1,192489,347
QUBT,mentioned,5,5,4,151,135,181,100,2021-01-27,11.0,2026-01-27,11.31,2.8,99.0,-96.2,0,0,0,1,1980847,305
UPWK,mentioned,5,5,4,10,7,182,192,2021-02-04,49.35,2026-02-04,17.05,-65.5,90.4,-155.8,0,0,0,1,63055482,184
PSFE,mentioned,5,5,4,48,37,183,163,2021-05-17,132.6,2026-05-18,7.48,-94.4,90.4,-184.7,0,0,1,1,69324824,175
HCSG,mentioned,5,5,4,111,100,184,123,2020-04-13,20.1209,2025-04-14,9.79,-51.3,110.4,-161.8,0,0,0,1,9334402,255
GLDI,mentioned,5,5,4,187,154,185,82,2020-04-13,193.8,2025-04-14,164.21,-15.3,110.4,-125.7,0,0,0,1,355090,336
WM,mentioned,5,5,4,40,14,186,168,2020-12-07,107.0771,2025-12-08,208.5064,94.7,98.7,-4.0,0,0,0,1,137026792,144
MPNGF,mentioned,5,5,4,174,98,187,90,2021-05-07,36.84,2026-05-07,11.1,-69.9,85.6,-155.5,0,0,0,1,3094670,297
UPST,mentioned,5,4,4,81,50,188,144,2021-04-01,144.28,2026-04-01,25.36,-82.4,75.2,-157.6,0,0,1,1,464372206,90
BN,mentioned,5,4,4,67,27,189,151,2019-03-13,15.3487,2024-03-13,27.6177,79.9,99.1,-19.2,0,0,0,1,391127214,96
WTI,mentioned,5,4,4,21,10,190,182,2021-01-19,2.3194,2026-01-20,1.7701,-23.7,91.7,-115.4,0,0,0,1,7204370,262
OCSL,mentioned,5,4,4,180,111,191,87,2021-01-27,8.9903,2026-01-27,11.7976,31.2,99.0,-67.8,0,0,0,1,3611636,288
NIO,mentioned,5,4,4,12,7,192,191,2020-12-29,46.14,2025-12-29,5.34,-88.4,98.4,-186.8,0,0,1,1,5568633139,5
XRX,mentioned,5,4,4,99,75,193,132,2020-07-16,12.1217,2025-07-16,4.7069,-61.2,109.1,-170.2,0,0,0,1,68714871,176
A,not_mentioned,5,1,1,12,12,,,2021-04-22,129.6946,2026-04-22,120.2392,-7.3,84.8,-92.0,0,0,0,1,233106184,124
ABG,not_mentioned,5,0,0,0,0,,,2021-02-26,169.45,2026-02-26,218.33,28.8,94.2,-65.3,0,0,0,1,22025449,225
ADMS,not_mentioned,5,0,0,0,0,,,2021-02-12,5.92,2021-11-24,8.22,38.9,85.9,-47.1,0,0,0,0,1934851,307
AIT,not_mentioned,5,0,0,0,0,,,2021-01-29,66.5935,2026-01-29,258.2447,287.8,101.0,186.8,1,1,0,1,19802889,229
ALLE,not_mentioned,5,0,0,0,0,,,2020-04-17,89.3603,2025-04-17,124.1303,38.9,97.6,-58.7,0,0,0,1,74930341,170
AMBA,not_mentioned,5,0,0,0,0,,,2021-03-29,95.11,2026-03-30,48.65,-48.8,71.0,-119.9,0,0,0,1,56622692,189
AMCX,not_mentioned,5,3,2,11,8,,,2020-12-23,33.735,2025-12-23,9.79,-71.0,100.5,-171.5,0,0,1,1,30978715,210
AMN,not_mentioned,5,0,0,0,0,,,2021-02-11,77.34,2026-02-11,19.54,-74.7,89.8,-164.5,0,0,1,1,19571041,230
ANF,not_mentioned,5,0,0,0,0,,,2020-03-17,9.48,2025-03-17,82.64,771.7,142.1,629.6,1,1,0,1,40635470,198
AOS,not_mentioned,5,1,1,77,77,,,2021-05-11,64.0351,2026-05-11,58.1717,-9.2,91.2,-100.3,0,0,0,1,63208102,183
AOSL,not_mentioned,5,0,0,0,0,,,2021-04-26,32.26,2026-04-27,42.34,31.2,83.4,-52.2,0,0,0,1,6999839,263
APVO,not_mentioned,5,0,0,0,0,,,2020-12-15,23935507.2,2025-12-15,18.72,-100.0,97.6,-197.6,0,0,1,1,2566834,300
ARLP,not_mentioned,5,0,0,0,0,,,2021-03-19,3.3816,2026-03-19,27.0993,701.4,80.9,620.4,1,1,0,1,1348056,315
ASIX,not_mentioned,5,0,0,0,0,,,2021-01-29,19.1722,2026-01-29,15.796,-17.6,101.0,-118.6,0,0,0,1,2591126,299
AT,not_mentioned,5,1,1,6,6,,,2020-11-13,2.03,2021-05-14,3.02,48.8,101.4,-52.6,0,0,0,0,420441,331
ATEX,not_mentioned,5,0,0,0,0,,,2020-06-02,52.92,2025-06-02,25.82,-51.2,107.0,-158.2,0,0,0,1,8239061,257
AU,not_mentioned,5,2,2,45,44,,,2020-09-21,22.4013,2025-09-22,66.614,197.4,118.8,78.5,0,1,0,1,107739299,156
AVTX,not_mentioned,5,0,0,0,0,,,2021-02-01,9072.0,2026-02-02,15.65,-99.8,98.1,-197.9,0,0,1,1,3593321,289
AXTI,not_mentioned,5,1,1,6,6,,,2019-12-11,3.34,2024-12-11,2.23,-33.2,108.8,-142.1,0,0,0,1,692919,322
AZN,not_mentioned,5,3,2,26,14,,,2020-11-25,91.3558,2025-11-25,181.4551,98.6,99.7,-1.1,0,0,0,1,613363024,70
BBLG,not_mentioned,5,0,0,0,0,,,2021-02-16,10800.0,2026-02-17,1.12,-100.0,86.5,-186.5,0,0,1,1,0,389
BFH,not_mentioned,5,0,0,0,0,,,2020-12-30,53.6594,2025-12-30,74.1771,38.2,97.9,-59.7,0,0,0,1,45079266,195
BJRI,not_mentioned,5,0,0,0,0,,,2021-05-07,59.38,2026-05-07,40.88,-31.2,85.6,-116.8,0,0,0,1,24115524,219
BLFS,not_mentioned,5,0,0,0,0,,,2020-12-24,43.72,2025-12-24,25.41,-41.9,100.5,-142.4,0,0,0,1,3946298,285
BNY,not_mentioned,5,0,0,0,0,,,2019-03-06,42.3081,2024-03-06,52.7819,24.8,99.6,-74.8,0,0,0,1,196474283,131
BOSC,not_mentioned,5,0,0,0,0,,,2020-11-18,2.5105,2025-11-18,4.74,88.8,98.8,-10.0,0,0,0,1,17902,372
BPRN,not_mentioned,5,0,0,0,0,,,2019-05-31,22.5068,2024-05-31,28.1764,25.2,107.8,-82.6,0,0,0,1,219379,346
BROGW,not_mentioned,5,0,0,0,0,,,2020-04-13,0.74,2024-12-19,0.0007,-99.9,110.4,-210.3,0,0,1,0,444,378
BSBR,not_mentioned,5,0,0,0,0,,,2020-05-04,2.9509,2025-05-05,4.5598,54.5,113.8,-59.3,0,0,0,1,5008721,280
CDW,not_mentioned,5,0,0,0,0,,,2019-10-25,114.5542,2024-10-25,210.753,84.0,107.5,-23.6,0,0,0,1,94200377,162
CFG,not_mentioned,5,0,0,0,0,,,2020-05-28,18.9396,2025-05-28,38.2423,101.9,108.7,-6.8,0,0,0,1,123179831,149
CHMI,not_mentioned,5,0,0,0,0,,,2021-02-16,4.0427,2026-02-17,2.3783,-41.2,86.5,-127.7,0,0,0,1,2038075,304
CHS,not_mentioned,5,0,0,0,0,,,2019-11-18,3.8408,2024-01-05,7.59,97.6,103.8,-6.1,0,0,0,0,7538626,261
CLIR,not_mentioned,5,0,0,0,0,,,2020-12-02,25.8,2025-12-02,7.18,-72.2,99.4,-171.5,0,0,1,1,127506,353
CMRE,not_mentioned,5,0,0,0,0,,,2021-02-01,4.9091,2026-02-02,17.0751,247.8,98.1,149.8,1,1,0,1,6443360,268
CMTV,not_mentioned,5,0,0,0,0,,,2020-01-28,11.5194,2025-01-28,15.9741,38.7,99.6,-60.9,0,0,0,1,48656,366
COCP,not_mentioned,5,0,0,0,0,,,2020-11-18,10.326,2025-11-18,1.02,-90.1,98.8,-188.9,0,0,1,1,523467,325
COGT,not_mentioned,5,0,0,0,0,,,2020-04-13,1.6,2025-04-14,4.58,186.2,110.4,75.8,0,1,0,1,505542,327
COSM,not_mentioned,5,0,0,0,0,,,2021-01-29,119.25,2026-01-29,0.47,-99.6,101.0,-200.6,0,0,1,1,14,383
COWN,not_mentioned,5,0,0,0,0,,,2021-01-07,27.5289,2023-03-01,38.99,41.6,94.9,-53.3,0,0,0,0,21710451,228
CPAY,not_mentioned,5,0,0,0,0,,,2021-02-08,258.23,2026-02-09,355.91,37.8,90.4,-52.6,0,0,0,1,159615836,139
CRON,not_mentioned,5,7,3,24,21,,,2020-03-04,5.96,2025-03-04,2.02,-66.1,99.0,-165.1,0,0,0,1,44786044,196
CSL,not_mentioned,5,1,1,15,15,,,2021-02-10,139.3474,2026-02-10,413.9553,197.1,90.1,106.9,0,1,0,1,36572929,205
CTLP,not_mentioned,5,0,0,0,0,,,2019-01-28,5.67,2024-01-29,7.09,25.0,102.2,-77.2,0,0,0,1,5314525,279
CUO,not_mentioned,5,1,0,2,2,,,2019-09-26,15.0,2020-05-19,8.63,-42.5,108.3,-150.8,0,0,0,0,555,377
CZNC,not_mentioned,5,0,0,0,0,,,2020-10-12,13.2677,2025-10-13,18.4967,39.4,101.9,-62.4,0,0,0,1,411894,332
DEO,not_mentioned,5,1,1,1,1,,,2020-07-08,118.7069,2025-07-08,101.5518,-14.5,110.8,-125.2,0,0,0,1,66582591,178
DLB,not_mentioned,5,0,0,0,0,,,2021-02-24,88.9061,2026-02-24,63.2158,-28.9,88.0,-116.9,0,0,0,1,46338188,194
DOGZ,not_mentioned,5,0,0,0,0,,,2019-02-25,69.0,2024-02-26,6.89,-90.0,96.5,-186.6,0,0,1,1,128702,352
DRUA,not_mentioned,5,0,0,0,0,,,2020-12-23,24.9847,2021-08-30,25.09,0.4,100.5,-100.1,0,0,0,0,2138143,303
DVAX,not_mentioned,5,0,0,0,0,,,2020-07-16,9.49,2025-07-16,10.67,12.4,109.1,-96.6,0,0,0,1,57577500,187
EAI,not_mentioned,5,0,0,0,0,,,2021-02-16,20.958,2026-02-17,20.8397,-0.6,86.5,-87.1,0,0,0,1,6961826,264
EMX,not_mentioned,5,0,0,0,0,,,2020-04-29,1.75,2025-04-29,2.27,29.7,103.4,-73.7,0,0,0,1,625810,324
ENBL,not_mentioned,5,5,1,8,8,,,2020-09-01,4.7469,2021-12-02,7.05,48.5,95.1,-46.6,0,0,0,0,4174685,283
EQC,not_mentioned,5,0,0,0,0,,,2020-09-01,1.6045,2025-09-02,1.58,-1.5,95.1,-96.6,0,0,0,1,21857914,226
FBNC,not_mentioned,5,0,0,0,0,,,2021-05-21,40.4914,2026-05-21,58.4506,44.4,91.7,-47.3,0,0,0,1,3587897,290
FCPT,not_mentioned,5,0,0,0,0,,,2021-01-13,20.6496,2026-01-13,23.5521,14.1,95.7,-81.7,0,0,0,1,8126920,258
FGNX,not_mentioned,5,0,0,0,0,,,2020-12-14,370.0,2025-12-15,13.3,-96.4,100.3,-196.7,0,0,1,1,60478,362
FITB,not_mentioned,5,0,0,0,0,,,2020-10-30,18.8201,2025-10-30,40.9489,117.6,123.4,-5.8,0,0,0,1,142023202,142
FIX,not_mentioned,5,0,0,0,0,,,2019-09-27,42.5525,2024-09-27,387.7802,811.3,109.1,702.2,1,1,0,1,16133534,235
FOCS,not_mentioned,5,0,0,0,0,,,2019-10-25,21.99,2023-08-31,52.99,141.0,107.5,33.4,0,1,0,0,5422536,278
FORR,not_mentioned,5,0,0,0,0,,,2020-12-23,39.91,2025-12-23,7.09,-82.2,100.5,-182.8,0,0,1,1,917371,318
FPI,not_mentioned,5,1,1,0,0,,,2020-02-13,5.0289,2025-02-13,11.1527,121.8,95.2,26.5,0,1,0,1,312197,340
FSLR,not_mentioned,5,18,2,49,29,,,2020-11-13,79.95,2025-11-13,256.59,220.9,101.4,119.6,1,1,0,1,196998958,130
FTI,not_mentioned,5,4,1,25,16,,,2021-02-10,7.555,2026-02-10,60.1133,695.7,90.1,605.6,1,1,0,1,342670302,104
FTV,not_mentioned,5,11,3,135,77,,,2020-07-10,41.3218,2025-07-10,52.7706,27.7,111.7,-84.0,0,0,0,1,116034799,153
FULT,not_mentioned,5,0,0,0,0,,,2019-09-27,12.1976,2024-09-27,16.6293,36.3,109.1,-72.8,0,0,0,1,11695158,247
GFNSL,not_mentioned,5,0,0,0,0,,,2020-07-10,24.8996,2021-01-14,25.43,2.1,111.7,-109.6,0,0,0,0,55880,364
GGO,not_mentioned,5,0,0,0,0,,,2020-08-06,10.5494,2021-10-25,16.2,53.6,103.3,-49.8,0,0,0,0,0,386
GIGL,not_mentioned,5,0,0,0,0,,,2021-02-01,0.0525,2026-02-02,49.8693,94877.2,98.1,94779.1,1,1,0,1,194,380
GMTA,not_mentioned,5,0,0,0,0,,,2019-02-25,22.2629,2021-05-28,25.03,12.4,96.5,-84.1,0,0,0,0,103980,356
GOOG,not_mentioned,5,20,10,781,540,,,2019-04-03,59.766,2024-04-03,154.9956,159.3,96.7,62.7,0,1,0,1,1227431200,32
GPJA,not_mentioned,5,0,0,0,0,,,2021-07-19,20.4413,2026-07-20,20.97,2.6,86.9,-84.3,0,0,0,1,282421,342
GPK,not_mentioned,5,0,0,0,0,,,2020-07-06,12.6062,2025-07-07,21.0375,66.9,110.3,-43.4,0,0,0,1,26051634,217
GSBC,not_mentioned,5,0,0,0,0,,,2021-02-01,42.662,2026-02-02,61.6456,44.5,98.1,-53.6,0,0,0,1,1818564,311
GSKY,not_mentioned,5,0,0,0,0,,,2020-11-18,4.1,2022-03-29,10.2,148.8,98.8,50.0,0,1,0,0,16058921,236
HAIN,not_mentioned,5,0,0,0,0,,,2021-05-05,40.55,2026-05-05,0.7198,-98.2,86.4,-184.7,0,0,1,1,30517321,212
HQY,not_mentioned,5,0,0,0,0,,,2021-04-12,69.66,2026-04-13,79.91,14.7,78.5,-63.8,0,0,0,1,39065119,201
HTLF,not_mentioned,5,0,0,0,0,,,2019-03-18,40.7092,2024-03-18,32.289,-20.7,97.0,-117.7,0,0,0,1,5612970,275
IBKCO,not_mentioned,5,0,0,0,0,,,2020-01-28,27.4688,2020-07-01,25.75,-6.3,99.6,-105.8,0,0,0,0,1256,375
ICLR,not_mentioned,5,0,0,0,0,,,2020-09-01,186.82,2025-09-02,177.84,-4.8,95.1,-99.9,0,0,0,1,23655708,223
IEX,not_mentioned,5,1,1,77,77,,,2020-01-14,159.0793,2025-01-14,209.1254,31.5,91.9,-60.4,0,0,0,1,53341015,190
IMACW,not_mentioned,5,0,0,0,0,,,2020-12-07,0.1656,2024-02-09,0.012,-92.8,98.7,-191.5,0,0,1,0,20,382
IMAX,not_mentioned,5,0,0,0,0,,,2021-01-05,18.17,2026-01-05,36.06,98.5,98.4,0.0,0,1,0,1,18930141,232
IMO,not_mentioned,5,0,0,0,0,,,2020-05-11,12.6193,2025-05-12,70.4041,457.9,114.4,343.5,1,1,0,1,11147741,250
INPX,not_mentioned,5,0,0,0,0,,,2020-09-28,75.75,2024-03-12,0.0527,-99.9,113.1,-213.0,0,0,1,0,744165,320
ITW,not_mentioned,5,2,1,77,77,,,2020-01-16,154.2758,2025-01-16,246.6705,59.9,93.0,-33.1,0,0,0,1,190434826,132
JMSB,not_mentioned,5,0,0,0,0,,,2021-02-16,15.3549,2026-02-17,19.9287,29.8,86.5,-56.7,0,0,0,1,24737,370
KALU,not_mentioned,5,0,0,0,0,,,2020-09-01,52.0261,2025-09-02,74.7659,43.7,95.1,-51.4,0,0,0,1,3395677,292
KZIA,not_mentioned,5,0,0,0,0,,,2020-04-17,150.0,2025-04-17,3.3,-97.8,97.6,-195.4,0,0,1,1,23595,371
LBRDK,not_mentioned,5,0,0,0,0,,,2020-07-10,112.5516,2025-07-10,85.0829,-24.4,111.7,-136.1,0,0,0,1,75853175,168
LBTYA,not_mentioned,5,0,0,0,0,,,2021-02-05,12.6842,2026-02-05,11.26,-11.2,87.3,-98.5,0,0,0,1,30033174,215
LDOS,not_mentioned,5,0,0,0,0,,,2020-05-27,94.6555,2025-05-27,150.5043,59.0,109.5,-50.5,0,0,0,1,106816862,157
LEE,not_mentioned,5,0,0,0,0,,,2021-02-01,14.5,2026-02-02,5.49,-62.1,98.1,-160.2,0,0,0,1,6196653,270
LEN,not_mentioned,5,3,2,10,5,,,2021-04-05,93.1507,2026-04-06,87.5839,-6.0,73.7,-79.6,0,0,0,1,185744428,135
LGF-B,not_mentioned,5,0,0,0,0,,,2019-04-26,14.37,2024-04-26,9.65,-32.8,87.8,-120.7,0,0,0,1,8087522,259
LMAT,not_mentioned,5,0,0,0,0,,,2021-02-01,45.5236,2026-02-02,85.9718,88.9,98.1,-9.2,0,0,0,1,6764300,267
LMRKP,not_mentioned,5,0,0,0,0,,,2021-11-02,25.25,2021-12-22,25.47,0.9,79.3,-78.4,0,0,0,0,122285,355
LOPE,not_mentioned,5,0,0,0,0,,,2021-03-18,110.0,2026-03-18,164.02,49.1,81.0,-31.9,0,0,0,1,23878910,221
LOTZ,not_mentioned,5,2,1,9,9,,,2021-04-01,7.54,2023-01-03,0.148,-98.0,75.2,-173.2,0,0,1,0,14875681,241
LQDA,not_mentioned,5,0,0,0,0,,,2020-03-13,4.0,2025-03-13,14.03,250.7,121.0,129.8,1,1,0,1,423244,330
MAR,not_mentioned,5,0,0,0,0,,,2021-01-29,111.7442,2026-01-29,318.5301,185.1,101.0,84.1,0,1,0,1,569544132,76
MASI,not_mentioned,5,0,0,0,0,,,2021-05-17,213.04,2026-05-18,178.8,-16.1,90.4,-106.5,0,0,0,1,71525623,173
MESO,not_mentioned,5,0,0,0,0,,,2021-02-01,19.24,2026-02-02,17.19,-10.7,98.1,-108.7,0,0,0,1,4179072,282
MFIN,not_mentioned,5,0,0,0,0,,,2021-02-01,5.4201,2026-02-02,10.0659,85.7,98.1,-12.3,0,0,0,1,188624,348
MGA,not_mentioned,5,2,1,77,77,,,2020-05-27,34.5519,2025-05-27,34.9577,1.2,109.5,-108.4,0,0,0,1,57963890,186
MGNI,not_mentioned,5,0,0,0,0,,,2020-06-15,7.11,2025-06-16,18.575,161.3,111.2,50.1,0,1,0,1,13928930,244
MHH,not_mentioned,5,0,0,0,0,,,2020-12-03,17.63,2025-12-03,7.8,-55.8,100.1,-155.9,0,0,0,1,125684,354
MHNC,not_mentioned,5,0,0,0,0,,,2021-01-20,12.3835,2026-01-20,13.8906,12.2,89.1,-77.0,0,0,0,1,307501,341
MINE,not_mentioned,5,0,0,0,0,,,2020-05-06,0.0001,2024-07-19,0.0,-98.0,111.5,-209.5,0,0,1,0,0,384
MIST,not_mentioned,5,0,0,0,0,,,2021-04-05,5.89,2026-04-06,1.52,-74.2,73.7,-147.9,0,0,1,1,857207,319
MOGU,not_mentioned,5,0,0,0,0,,,2019-02-21,185.04,2024-02-21,1.9,-99.0,94.6,-193.6,0,0,1,1,348475,337
MRSH,not_mentioned,5,1,1,162,162,,,2019-02-25,82.0964,2024-02-26,195.0726,137.6,96.5,41.1,0,1,0,1,117556973,152
MSB,not_mentioned,5,0,0,0,0,,,2020-05-28,9.8751,2025-05-28,24.3653,146.7,108.7,38.0,0,1,0,1,1148497,317
MSBF,not_mentioned,5,0,0,0,0,,,2020-07-06,10.89,2020-07-10,10.38,-4.7,110.3,-115.0,0,0,0,0,96921,357
MSON,not_mentioned,5,0,0,0,0,,,2019-01-28,18.91,2021-11-22,26.54,40.3,102.2,-61.9,0,0,0,0,445878,329
MT,not_mentioned,5,1,1,89,89,,,2020-12-07,19.3764,2025-12-08,43.2805,123.4,98.7,24.6,0,1,0,1,77385096,167
MTSI,not_mentioned,5,0,0,0,0,,,2020-04-13,24.15,2025-04-14,99.16,310.6,110.4,200.2,1,1,0,1,10499333,252
MTVA,not_mentioned,5,0,0,0,0,,,2021-02-01,14124.0,2026-02-02,2.31,-100.0,98.1,-198.0,0,0,1,1,2824243,298
MUFG,not_mentioned,5,0,0,0,0,,,2019-09-26,4.255,2024-09-26,9.7248,128.5,108.3,20.3,0,1,0,1,5928735,271
NEON,not_mentioned,5,0,0,0,0,,,2020-02-21,2.35,2025-02-21,9.61,308.9,94.2,214.8,1,1,0,1,30058,369
NLY,not_mentioned,5,3,2,53,48,,,2020-05-27,11.6021,2025-05-27,16.0786,38.6,109.5,-71.0,0,0,0,1,156680486,141
NMRK,not_mentioned,5,0,0,0,0,,,2019-03-26,7.6004,2024-03-26,10.6263,39.8,100.1,-60.3,0,0,0,1,5455818,277
NNI,not_mentioned,5,0,0,0,0,,,2020-06-22,43.496,2025-06-23,115.1641,164.8,107.6,57.2,0,1,0,1,10711130,251
NOK,not_mentioned,5,1,1,0,0,,,2021-05-04,4.1483,2026-05-04,13.0733,215.1,85.0,130.1,1,1,0,1,255829229,117
NPK,not_mentioned,5,0,0,0,0,,,2021-02-23,84.8544,2026-02-23,126.4661,49.0,88.7,-39.7,0,0,0,1,6925219,265
NRGU,not_mentioned,5,0,0,0,0,,,2021-02-08,97.26,2026-02-09,27.98,-71.2,90.4,-161.6,0,0,1,1,58773342,185
NTB,not_mentioned,5,0,0,0,0,,,2020-06-11,17.2547,2025-06-11,41.0181,137.7,115.2,22.5,0,1,0,1,6325121,269
NVGS,not_mentioned,5,0,0,0,0,,,2021-01-19,10.6228,2026-01-20,17.6316,66.0,91.7,-25.8,0,0,0,1,1595604,313
NWFL,not_mentioned,5,0,0,0,0,,,2020-02-18,25.5874,2025-02-18,24.3545,-4.8,96.0,-100.8,0,0,0,1,51205,365
OCC,not_mentioned,5,0,0,0,0,,,2020-08-31,2.42,2025-09-02,6.48,167.8,96.9,70.8,0,1,0,1,2221,374
OESX,not_mentioned,5,3,1,12,12,,,2020-02-24,49.2,2025-02-24,8.902,-81.9,99.9,-181.8,0,0,1,1,5590842,276
OPOF,not_mentioned,5,0,0,0,0,,,2020-04-16,13.5598,2025-04-16,37.8053,178.8,102.6,76.2,0,1,0,1,253814,343
ORLY,not_mentioned,5,0,0,0,0,,,2021-07-06,38.6787,2026-07-06,84.24,117.8,85.7,32.1,0,1,0,1,247896409,121
OSG,not_mentioned,5,0,0,0,0,,,2020-02-24,1.8017,2024-07-16,8.49,371.2,99.9,271.3,1,1,0,0,456244,328
PCH,not_mentioned,5,0,0,0,0,,,2020-12-23,38.2894,2025-12-23,39.73,3.8,100.5,-96.8,0,0,0,1,30784867,211
PFIE,not_mentioned,5,0,0,0,0,,,2020-09-08,0.75,2025-01-03,2.54,238.7,109.2,129.5,1,1,0,0,163794,351
PFLT,not_mentioned,5,1,1,6,6,,,2020-04-14,3.2717,2025-04-14,7.9865,144.1,104.4,39.7,0,1,0,1,2364471,301
PRI,not_mentioned,5,0,0,0,0,,,2020-12-04,129.337,2025-12-04,250.2992,93.5,98.5,-5.0,0,0,0,1,19410730,231
PTC,not_mentioned,5,0,0,0,0,,,2021-02-04,139.29,2026-02-04,151.34,8.7,90.4,-81.7,0,0,0,1,75792285,169
PTVCB,not_mentioned,5,0,0,0,0,,,2020-09-29,13.0844,2021-06-01,23.3,78.1,114.2,-36.2,0,0,0,0,87581,359
QRVO,not_mentioned,5,7,3,552,540,,,2021-01-27,165.64,2026-01-27,82.81,-50.0,99.0,-149.0,0,0,0,1,262369784,115
QTRX,not_mentioned,5,0,0,0,0,,,2020-03-12,16.38,2025-03-12,7.35,-55.1,143.1,-198.2,0,0,0,1,3405598,291
R,not_mentioned,5,0,0,0,0,,,2019-02-25,50.3554,2024-02-26,108.9618,116.4,96.5,19.8,0,1,0,1,37845641,203
RCAT,not_mentioned,5,0,0,0,0,,,2020-05-18,1.33,2025-05-19,6.88,417.3,116.9,300.3,1,1,0,1,59,381
RCI,not_mentioned,5,2,2,22,16,,,2020-03-30,32.2003,2025-03-31,25.3699,-21.2,130.0,-151.2,0,0,0,1,22945565,224
REX,not_mentioned,5,0,0,0,0,,,2020-05-04,9.3617,2025-05-05,20.135,115.1,113.8,1.3,0,1,0,1,3821245,287
RMBS,not_mentioned,5,0,0,0,0,,,2020-06-29,14.64,2025-06-30,64.02,337.3,118.0,219.3,1,1,0,1,8385792,256
ROKU,not_mentioned,5,2,1,28,28,,,2019-06-26,92.3,2024-06-26,57.16,-38.1,103.3,-141.4,0,0,0,1,793666286,49
RRR,not_mentioned,5,0,0,0,0,,,2021-02-08,22.2201,2026-02-09,63.9415,187.8,90.4,97.4,0,1,0,1,35151004,207
RSG,not_mentioned,5,0,0,0,0,,,2020-12-23,88.0953,2025-12-23,211.2277,139.8,100.5,39.2,0,1,0,1,124171799,148
SBLKZ,not_mentioned,5,0,0,0,0,,,2020-04-29,21.7817,2021-07-27,25.39,16.6,103.4,-86.8,0,0,0,0,88345,358
SCU,not_mentioned,5,0,0,0,0,,,2019-10-30,14.0623,2023-11-17,12.72,-9.5,106.1,-115.7,0,0,0,0,1935304,306
SDPI,not_mentioned,5,0,0,0,0,,,2021-07-07,0.835,2024-08-15,1.01,21.0,84.2,-63.2,0,0,0,0,235308,344
SEM,not_mentioned,5,1,1,2,2,,,2021-02-22,13.6358,2026-02-23,14.663,7.5,88.9,-81.4,0,0,0,1,11157307,249
SENEB,not_mentioned,5,0,0,0,0,,,2020-11-13,38.08,2025-11-13,118.67,211.6,101.4,110.3,1,1,0,1,304,379
SIC,not_mentioned,5,0,0,0,0,,,2020-07-29,4.73,2021-10-21,14.49,206.3,109.9,96.4,1,1,0,0,180766,350
SMTC,not_mentioned,5,0,0,0,0,,,2020-09-14,56.23,2025-09-15,62.63,11.4,109.8,-98.4,0,0,0,1,30416381,213
SNDA,not_mentioned,5,0,0,0,0,,,2021-02-11,27.44,2026-02-11,34.68,26.4,89.8,-63.4,0,0,0,1,2146905,302
SNFCA,not_mentioned,5,1,1,2,2,,,2019-03-25,3.3835,2024-03-25,6.7207,98.6,102.0,-3.4,0,0,0,1,40098,368
SPOK,not_mentioned,5,0,0,0,0,,,2020-12-02,5.9443,2025-12-02,12.4189,108.9,99.4,9.6,0,1,0,1,718580,321
SQNS,not_mentioned,5,0,0,0,0,,,2020-11-13,110.0,2025-11-13,6.42,-94.2,101.4,-195.5,0,0,1,1,1934649,308
SRRA,not_mentioned,5,0,0,0,0,,,2020-05-13,11.155,2022-07-01,54.99,393.0,124.2,268.8,1,1,0,0,183499,349
SSB,not_mentioned,5,0,0,0,0,,,2020-09-08,46.8778,2025-09-08,99.7014,112.7,109.2,3.5,0,1,0,1,16036614,237
SSWA,not_mentioned,5,0,0,0,0,,,2020-11-11,24.84,2020-12-09,24.84,0.0,105.5,-105.5,0,0,0,0,0,387
STC,not_mentioned,5,1,1,13,13,,,2020-09-01,37.6306,2025-09-02,68.4277,81.8,95.1,-13.2,0,0,0,1,14984975,240
STN,not_mentioned,5,0,0,0,0,,,2021-02-04,36.3898,2026-02-04,99.9791,174.7,90.4,84.4,0,1,0,1,3889410,286
STON,not_mentioned,5,0,0,0,0,,,2021-04-01,1.94,2022-11-03,3.53,82.0,75.2,6.8,0,1,0,0,390898,334
STXS,not_mentioned,5,0,0,0,0,,,2021-07-06,9.2,2026-07-06,1.89,-79.5,85.7,-165.2,0,0,1,1,1844388,310
STZ,not_mentioned,5,1,1,26,26,,,2020-05-29,154.4522,2025-05-29,173.5154,12.3,108.6,-96.3,0,0,0,1,288207977,112
SXTC,not_mentioned,5,0,0,0,0,,,2019-02-25,1209600000.0,2024-02-26,183360.0,-100.0,96.5,-196.5,0,0,1,1,1237919,316
TECH,not_mentioned,5,0,0,0,0,,,2020-09-08,59.8008,2025-09-08,53.8672,-9.9,109.2,-119.1,0,0,0,1,67956878,177
TENB,not_mentioned,5,0,0,0,0,,,2020-12-29,51.17,2025-12-29,23.95,-53.2,98.4,-151.6,0,0,0,1,40480126,199
TER,not_mentioned,5,0,0,0,0,,,2021-01-29,111.114,2026-01-29,251.6734,126.5,101.0,25.5,0,1,0,1,564535424,77
THTX,not_mentioned,5,0,0,0,0,,,2021-02-16,11.08,2025-09-25,3.39,-69.4,86.5,-155.9,0,0,0,0,1361673,314
TPVG,not_mentioned,5,2,1,6,6,,,2020-12-24,6.0494,2025-12-24,5.7784,-4.5,100.5,-105.0,0,0,0,1,3235285,294
TR,not_mentioned,5,0,0,0,0,,,2020-10-05,24.6889,2025-10-06,41.6945,68.9,112.1,-43.2,0,0,0,1,3221355,295
TVC,not_mentioned,5,0,0,0,0,,,2020-07-15,22.1273,2025-07-15,23.1312,4.5,107.7,-103.1,0,0,0,1,74672,361
TY-P,not_mentioned,5,0,0,0,0,,,2021-01-27,43.1448,2026-01-27,43.1713,0.1,99.0,-99.0,0,0,0,1,0,388
UBER,not_mentioned,5,1,1,3,3,,,2020-07-06,32.52,2025-07-07,96.68,197.3,110.3,87.0,0,1,0,1,1377136602,27
UDR,not_mentioned,5,0,0,0,0,,,2020-08-04,28.0054,2025-08-04,36.4887,30.3,105.4,-75.2,0,0,0,1,48361770,193
UVSP,not_mentioned,5,0,0,0,0,,,2020-11-13,15.4703,2025-11-13,30.1011,94.6,101.4,-6.8,0,0,0,1,1862682,309
VANI,not_mentioned,5,0,0,0,0,,,2021-01-26,7.44,2026-01-26,1.38,-81.5,93.4,-174.9,0,0,1,1,50954588,191
VLO,not_mentioned,5,2,1,48,48,,,2021-04-15,59.3723,2026-04-15,232.9427,292.3,80.3,212.1,1,1,0,1,201342787,128
VNET,not_mentioned,5,0,0,0,0,,,2021-03-22,33.0,2026-03-23,8.97,-72.8,78.8,-151.6,0,0,1,1,23749242,222
VRTS,not_mentioned,5,0,0,0,0,,,2021-01-05,174.0994,2026-01-05,159.9763,-8.1,98.4,-106.6,0,0,0,1,9851374,254
VTSI,not_mentioned,5,3,1,1,1,,,2020-03-10,3.05,2025-03-10,5.39,76.7,109.8,-33.0,0,0,0,1,60478,363
WASH,not_mentioned,5,0,0,0,0,,,2020-10-12,23.9525,2025-10-13,25.2381,5.4,101.9,-96.5,0,0,0,1,1609759,312
WBK,not_mentioned,5,0,0,0,0,,,2020-03-12,9.9691,2022-03-22,14.2,42.4,143.1,-100.7,0,0,0,0,12510565,245
WLY,not_mentioned,5,0,0,0,0,,,2020-12-18,36.8868,2025-12-18,30.297,-17.9,95.8,-113.6,0,0,0,1,63355810,181
WYNN,not_mentioned,5,2,1,48,48,,,2021-02-01,98.1666,2026-02-02,108.3775,10.4,98.1,-87.7,0,0,0,1,180198236,137
XNET,not_mentioned,5,1,0,1,1,,,2020-12-18,3.04,2025-12-18,6.85,125.3,95.8,29.6,0,1,0,1,3350858,293
YIN,not_mentioned,5,0,0,0,0,,,2019-05-28,6.2457,2020-11-18,7.25,16.1,105.1,-89.0,0,0,0,0,378548,335
ZAYO,not_mentioned,5,0,0,0,0,,,2019-01-28,27.42,2020-03-11,34.99,27.6,102.2,-74.6,0,0,0,0,259067532,116
ZIONP,not_mentioned,5,0,0,0,0,,,2021-02-01,18.0958,2026-02-02,19.3663,7.0,98.1,-91.0,0,0,0,1,43592,367
ZNGA,not_mentioned,5,0,0,0,0,,,2019-12-11,6.14,2022-09-08,8.18,33.2,108.8,-75.6,0,0,0,0,84577290,165
