doc_id	year	gold_tickers	notes
mtkk2x	2021		reviewed
1jaxukm	2025		
12agozz	2023		reviewed
ux06vg	2022		
z19gak	2022		
kgvrnq	2020		Jack Bogle is a person
lf1wje	2021	MO	reviewed
1gzmsqi	2024		
19c7nkt	2024		
qgw0o1	2021		
1qenjov	2026		
qiee7f	2021		
1tdmfdy	2026		
xbighp	2022		
fp8j0y	2020		real estate, no listed company
1ow8pbh	2025		
1nyt0bd	2025		
1r8ezdm	2026		
1lulyxw	2025		
1qp4jki	2026		
1fihn2d	2024		
1qrijju	2026		
1qcgdwx	2026		
4k31d2	2016		
1s3iprg	2026		
1ooedlp	2025		
167dplg	2023		reviewed
1ow51gr	2025		
b2cbjv	2019		
70kz16	2017		
1u3evjt	2026		
1f2n4mc	2024		
1nnr5zh	2025		
1pb5b9i	2025		
4oc7vb	2016		
3cja0d	2015		
toouqn	2022		
1j3fs6p	2025		
1m7coke	2025		
1ovter1	2025		
1od2sei	2025		
2psj8y	2014		
3e12du	2015		
6pw2is	2017		
1tnxxf5	2026		
1bzco51	2024		
wnco3e	2022		
1thplot	2026		
15d2002	2023		
1v408g3	2026		
11hdqw5	2023		
208mbf	2014		
1fkvbfx	2024		
2psisp	2014		
1udxca9	2026		
gvc1wb	2020	MDB,NOW,TWLO,KO,JNJ	corrected twice: J&J and Coca-Cola also appear; extractor was right
1l5jpvo	2025		
1ro9wol	2026		
xxntp8	2022		reviewed
q86bzr	2021		
1o43iv6	2025		
1t24h72	2026		
1eyo7or	2024		
1efux3m	2024		
1hk60cz	2024		
1e9u0i7	2024		
nn3kn0	2021		
1p5yrzn	2025		
1tj3b26	2026		
1kqvoq2	2025		
pkdq5e	2021		reviewed
1kdtyhq	2025		
1hcx1pg	2024		
1qgjplo	2026		
14qzi8h	2023		
1jo61xc	2025		
1guac0h	2024		
mmven9	2021		reviewed
1rjqjfo	2026		
1ot5ic0	2025		
1hg1dnn	2024		
s3316j	2022	NXST	source misspells both the name (Nextstar) and the ticker (NSXT) - fuzzy-match test
p9sx56	2021		reviewed
1h9kehe	2024		
yxpohb	2022		
1dlbp38	2024		
17l9v0w	2023		
1sptc4o	2026		
1tjfln2	2026		
1rokjhd	2026		
1qxhdfu	2026		
1harcty	2024		
1n1krso	2025		
12kwn2o	2023		
1qwnvpz	2026		
1lgm8t9	2025		
s62o6w	2022		
1pjm0bp	2025		
1rm3q9t	2026		
17px2mq	2023		reviewed
1quifia	2026		
ff7on2	2020		
15d40r9	2023		
1dvy56v	2024		
1meupuu	2025		
1kdv45u	2025		
9t0m7h	2018		
1numdld	2025		
1lnfig6	2025		
1tn8x5x	2026		
1vngx8u	2026		
1lwpah6	2025		
14l1031	2023		Dalio/Greenblatt/Klarman are people - PERSON_NAMES test
1mpt8qs	2025		
1mao8pv	2025		
1vnd28t	2026		
1tbux1o	2026		
oe6e16	2021		reviewed
1kek3l3	2025		
1kme17y	2025		
7rg3as	2018		
1s3egfx	2026		
1i8yxzz	2025		
1q48hy2	2026		
vd60h2	2022		
1rgkpua	2026		
dkmoy	2010		
1qyja7k	2026		
hsumet	2020		value vs growth in the abstract
1kpbctt	2025		
17x1k3y	2023		
1jw7oaq	2025		
r6oeq6	2021		$PHIL is explicitly an OTC ticker; universe is exchange-listed, so correctly excluded
1mbylyw	2025		
1o5ari9	2025		
az8lkg	2019		reviewed
1nyqedf	2025		
m4opb5	2021		reviewed
1l9k6iz	2025		
lkgabn	2021	PCCYF	PetroChina; extractor resolved the OTC line rather than the PTR ADR - same entity
5u4sd1	2017		
ph6vww	2021	AMZN	Amazon used as a worked example - genuine mention, my first label was wrong
155my0t	2023		reviewed
1hoghxn	2024		
bx3qhv	2019		Atom Finance is private; Yahoo Finance a tool
10o5ri3	2023		reviewed
tr4gre	2022		
1lu7jhi	2025		
uj6zuv	2022		when-to-sell question, no company
157po4g	2023	GRIN	Grindrod misspelled Grinrod in source - needs fuzzy matching
1m1s181	2025		
1r661lb	2026		
1odpxst	2025		
1hatrmt	2024		
1p8k0j4	2025		
1uipc26	2026		
16d1rpt	2023		reviewed
ztitkd	2022	RYCEY	Rolls-Royce ADR; NFT spam post
1rviuet	2026		
1jxb3x6	2025		
1ktnlok	2025		
1r32tt4	2026		
m0chng	2021	MSFT	Microsoft held long-term as an example holding
1ivqghl	2025		
1s3vj8y	2026		
1csr6rk	2024		
1o0chnz	2025		
x0zkpj	2022		reviewed
1np9uvf	2025		
2pdhgk	2014		
10y6hux	2023		
v8gfmh	2022		
17tmahe	2023		
1m62awy	2025		
1q9makz	2026		
11kh7it	2023		
35t9vg	2015		
1jaceg8	2025		
v846or	2022	ABBV,BABA,GOOGL,AMAT,BMO,BNS,BBY,COST,DPZ,HPQ,MU,NG,TSM,UPS,VALE	corrected: explicit ticker list appears past the truncation
qjo8v1	2021		
1c2eivw	2024		
1l2b1mi	2025		
1rgagd3	2026		
fbbubv	2020		
1kydu3c	2025		
1g00ux6	2024		
4ocds3	2016		
vcybyc	2022		
l6xaqd	2021		
1t05y5v	2026		
14387qg	2023	LYG	LSEGY is a true FP - from the words London Stock Exchange
34cuj5	2015		
q1xzej	2021		
1idks4d	2025		
1ton74r	2026		
1c4d1rv	2024		
12sxqca	2023	TSLA	reviewed
1f4fla5	2024		
1vdfcfx	2026		
1pp1832	2025		
o13a2y	2021		Rain Industries and Sunteck Realty are India-listed - outside the universe
1smmdsd	2026		
1ohpdym	2025		
143883j	2023		
1nttqjw	2025		
2pnxf3	2014		
1meypri	2025		
1bbbud9	2024		
1poalps	2025		
9xs4sd	2018		
ugxk3z	2022	JOUT	reviewed
le75n0	2021		removed body
3bhqft	2015		
1szpw9t	2026		
1ao2130	2024		
110qk2j	2023		
1o3uavn	2025		
1qgdjhx	2026		
1fdgp19	2024		
8j1adt	2018		
1iqk55c	2025		
rtepe3	2022		
1u0mslr	2026		
o1646o	2021	XOM,SPGI,BTI,O,KO,HD,MO,PM,PFE,JNJ,MMM,AAPL	SPGI here IS a real holding - vendor rule must not suppress it
yh4pv7	2022		
tx2oxh	2022		Deutsche Bank appears only as the sender of a 2007 presentation - not a thesis
pty2o8	2021		
1pdv7fi	2025		
122t3l0	2023		
1fwmpt6	2024		
stm49v	2022		Morningstar.ca as a DATA SOURCE - vendor-citation test
1uds0in	2026		
1lg133a	2025		
1kabd8j	2025		
1n2yxvr	2025		
4mr2i5	2016		
1j9p403	2025		
1u7czjq	2026		
1p2noze	2025		
7esraj	2017		
1fv44wr	2024		
1c42f3	2013		
u8e7la	2022	BABA	Munger is a person; Alibaba is the holding
t168bu	2022	FL,NKE	reviewed
386v79	2015		
1ezlpyn	2024		
1gux4fo	2024		
1hgeia6	2024		
1rwd5nl	2026		
1squnut	2026		
wsah9r	2022		Fobi AI / Klaviyo not US-listed at the time - known H3 gap
1kkvceg	2025		
1m0shul	2025		
1sxg4dd	2026		
1r3hyjo	2026		
1b19u3f	2024		
1oo3kea	2025		
x1jujf	2022		
1j6fei5	2025		
1eho5w7	2024		
u0me8n	2022		reviewed
1m1ywfq	2025		
moqkwf	2021		
1h0j5hq	2024		
lko3wh	2021		
1og1flt	2025		
ddchht	2019		
18vp4kc	2024		
1gmi669	2024		
199idta	2024		
1gdxgof	2024		
1d2l5vo	2024		
1t08quu	2026		
465nbj	2016		
1hzyw7o	2025		
10sxvay	2023		reviewed
1tmun4o	2026		
1mqmcp5	2025		
1vdb7ss	2026		
1n8hczo	2025		
1okeu87	2025		
1az2v5s	2024		
ojhhw6	2021		Warren and Mary Buffett are people
1rx5eya	2026		
18xm045	2024		
8etzz8	2018		
gf7es6	2020		
1nphkmk	2025		
1mlmuv1	2025		
1qw0o0r	2026		
1urpqy4	2026		
1dypf7g	2024		
1m0aqrs	2025		
1mwo7hl	2025		
1ilqsa2	2025		
1gpa3a9	2024		
19eky58	2024		
1udwbj7	2026		
1vc4zxg	2026		
1tjvnvc	2026		
